{
  "name": "RandomRuins002",
  "width": 5700,
  "height": 5700,
  "grid": 150,
  "shiftX": 0,
  "shiftY": 0,
  "gridDistance": 5.0,
  "gridUnits": "ft",
  "padding": 0.0,
  "gridColor": "#000000",
  "gridAlpha": 0.2,
  "globalLight": true,
  "darkness": 0.0,
  "lights": [
    {
      "x": 3420,
      "y": 3979,
      "dim": 20.0,
      "bright": 10.0,
      "tintColor": "#FFC140",
      "tintAlpha": 0.0
    },
    {
      "x": 1075,
      "y": 1568,
      "dim": 20.0,
      "bright": 10.0,
      "tintColor": "#FFC140",
      "tintAlpha": 0.0
    },
    {
      "x": 3420,
      "y": 2473,
      "dim": 20.0,
      "bright": 10.0,
      "tintColor": "#FFC140",
      "tintAlpha": 0.0
    },
    {
      "x": 2365,
      "y": 816,
      "dim": 20.0,
      "bright": 10.0,
      "tintColor": "#FFC140",
      "tintAlpha": 0.0
    },
    {
      "x": 3420,
      "y": 1870,
      "dim": 20.0,
      "bright": 10.0,
      "tintColor": "#FFC140",
      "tintAlpha": 0.0
    },
    {
      "x": 4540,
      "y": 4581,
      "dim": 20.0,
      "bright": 10.0,
      "tintColor": "#FFC140",
      "tintAlpha": 0.0
    },
    {
      "x": 859,
      "y": 3678,
      "dim": 20.0,
      "bright": 10.0,
      "tintColor": "#FFC140",
      "tintAlpha": 0.0
    },
    {
      "x": 859,
      "y": 4281,
      "dim": 20.0,
      "bright": 10.0,
      "tintColor": "#FFC140",
      "tintAlpha": 0.0
    },
    {
      "x": 859,
      "y": 4733,
      "dim": 20.0,
      "bright": 10.0,
      "tintColor": "#FFC140",
      "tintAlpha": 0.0
    }
  ],
  "walls": [
    {
      "c": [
        591,
        5108,
        591,
        2698
      ],
      "move": 1,
      "sense": 1,
      "sound": 1,
      "door": 0
    },
    {
      "c": [
        591,
        5108,
        1043,
        5108
      ],
      "move": 1,
      "sense": 1,
      "sound": 1,
      "door": 0
    },
    {
      "c": [
        591,
        2849,
        741,
        2849
      ],
      "move": 1,
      "sense": 1,
      "sound": 1,
      "door": 0
    },
    {
      "c": [
        591,
        2698,
        591,
        891
      ],
      "move": 1,
      "sense": 1,
      "sound": 1,
      "door": 0
    },
    {
      "c": [
        591,
        891,
        2097,
        891
      ],
      "move": 1,
      "sense": 1,
      "sound": 1,
      "door": 0
    },
    {
      "c": [
        591,
        891,
        591,
        590
      ],
      "move": 1,
      "sense": 1,
      "sound": 1,
      "door": 0
    },
    {
      "c": [
        591,
        590,
        2398,
        590
      ],
      "move": 1,
      "sense": 1,
      "sound": 1,
      "door": 0
    },
    {
      "c": [
        741,
        2849,
        892,
        2849
      ],
      "move": 1,
      "sense": 1,
      "sound": 1,
      "door": 1
    },
    {
      "c": [
        892,
        5108,
        892,
        4958
      ],
      "move": 1,
      "sense": 1,
      "sound": 1,
      "door": 1
    },
    {
      "c": [
        892,
        4958,
        892,
        3000
      ],
      "move": 1,
      "sense": 1,
      "sound": 1,
      "door": 0
    },
    {
      "c": [
        892,
        3000,
        1645,
        3000
      ],
      "move": 1,
      "sense": 1,
      "sound": 1,
      "door": 0
    },
    {
      "c": [
        892,
        2849,
        2097,
        2849
      ],
      "move": 1,
      "sense": 1,
      "sound": 1,
      "door": 0
    },
    {
      "c": [
        1043,
        5108,
        1946,
        5108
      ],
      "move": 1,
      "sense": 1,
      "sound": 1,
      "door": 0
    },
    {
      "c": [
        1043,
        2247,
        2097,
        2247
      ],
      "move": 1,
      "sense": 1,
      "sound": 1,
      "door": 0
    },
    {
      "c": [
        1043,
        2247,
        1043,
        1343
      ],
      "move": 1,
      "sense": 1,
      "sound": 1,
      "door": 0
    },
    {
      "c": [
        1043,
        1343,
        1946,
        1343
      ],
      "move": 1,
      "sense": 1,
      "sound": 1,
      "door": 0
    },
    {
      "c": [
        1344,
        2096,
        2398,
        2096
      ],
      "move": 1,
      "sense": 1,
      "sound": 1,
      "door": 0
    },
    {
      "c": [
        1344,
        2096,
        1344,
        1945
      ],
      "move": 1,
      "sense": 1,
      "sound": 1,
      "door": 0
    },
    {
      "c": [
        1344,
        1945,
        1344,
        1795
      ],
      "move": 1,
      "sense": 1,
      "sound": 1,
      "door": 1
    },
    {
      "c": [
        1344,
        1795,
        1344,
        1644
      ],
      "move": 1,
      "sense": 1,
      "sound": 1,
      "door": 0
    },
    {
      "c": [
        1344,
        1644,
        2398,
        1644
      ],
      "move": 1,
      "sense": 1,
      "sound": 1,
      "door": 0
    },
    {
      "c": [
        1645,
        4807,
        1946,
        4807
      ],
      "move": 1,
      "sense": 1,
      "sound": 1,
      "door": 0
    },
    {
      "c": [
        1645,
        4807,
        1645,
        3903
      ],
      "move": 1,
      "sense": 1,
      "sound": 1,
      "door": 0
    },
    {
      "c": [
        1645,
        3903,
        2699,
        3903
      ],
      "move": 1,
      "sense": 1,
      "sound": 1,
      "door": 0
    },
    {
      "c": [
        1645,
        3903,
        1645,
        3451
      ],
      "move": 1,
      "sense": 1,
      "sound": 1,
      "door": 0
    },
    {
      "c": [
        1645,
        3451,
        1645,
        3301
      ],
      "move": 1,
      "sense": 1,
      "sound": 1,
      "door": 1
    },
    {
      "c": [
        1645,
        3301,
        1645,
        3000
      ],
      "move": 1,
      "sense": 1,
      "sound": 1,
      "door": 0
    },
    {
      "c": [
        1645,
        3000,
        2549,
        3000
      ],
      "move": 1,
      "sense": 1,
      "sound": 1,
      "door": 0
    },
    {
      "c": [
        1946,
        5108,
        1946,
        4807
      ],
      "move": 1,
      "sense": 1,
      "sound": 1,
      "door": 0
    },
    {
      "c": [
        1946,
        5108,
        5109,
        5108
      ],
      "move": 1,
      "sense": 1,
      "sound": 1,
      "door": 0
    },
    {
      "c": [
        1946,
        4506,
        2097,
        4506
      ],
      "move": 1,
      "sense": 1,
      "sound": 1,
      "door": 0
    },
    {
      "c": [
        1946,
        4506,
        1946,
        4355
      ],
      "move": 1,
      "sense": 1,
      "sound": 1,
      "door": 0
    },
    {
      "c": [
        1946,
        4355,
        1946,
        4205
      ],
      "move": 1,
      "sense": 1,
      "sound": 1,
      "door": 1
    },
    {
      "c": [
        1946,
        4205,
        2549,
        4205
      ],
      "move": 1,
      "sense": 1,
      "sound": 1,
      "door": 0
    },
    {
      "c": [
        1946,
        1343,
        2097,
        1343
      ],
      "move": 1,
      "sense": 1,
      "sound": 1,
      "door": 1
    },
    {
      "c": [
        2097,
        4656,
        2248,
        4656
      ],
      "move": 1,
      "sense": 1,
      "sound": 1,
      "door": 0
    },
    {
      "c": [
        2097,
        4656,
        2097,
        4506
      ],
      "move": 1,
      "sense": 1,
      "sound": 1,
      "door": 0
    },
    {
      "c": [
        2097,
        2849,
        2097,
        2247
      ],
      "move": 1,
      "sense": 1,
      "sound": 1,
      "door": 0
    },
    {
      "c": [
        2097,
        1343,
        2097,
        891
      ],
      "move": 1,
      "sense": 1,
      "sound": 1,
      "door": 0
    },
    {
      "c": [
        2248,
        4807,
        2549,
        4807
      ],
      "move": 1,
      "sense": 1,
      "sound": 1,
      "door": 0
    },
    {
      "c": [
        2248,
        4807,
        2248,
        4656
      ],
      "move": 1,
      "sense": 1,
      "sound": 1,
      "door": 0
    },
    {
      "c": [
        2398,
        2397,
        3151,
        2397
      ],
      "move": 1,
      "sense": 1,
      "sound": 1,
      "door": 0
    },
    {
      "c": [
        2398,
        2397,
        2398,
        2096
      ],
      "move": 1,
      "sense": 1,
      "sound": 1,
      "door": 0
    },
    {
      "c": [
        2398,
        1644,
        2398,
        740
      ],
      "move": 1,
      "sense": 1,
      "sound": 1,
      "door": 0
    },
    {
      "c": [
        2398,
        1644,
        2699,
        1644
      ],
      "move": 1,
      "sense": 1,
      "sound": 1,
      "door": 0
    },
    {
      "c": [
        2398,
        740,
        2398,
        590
      ],
      "move": 1,
      "sense": 1,
      "sound": 1,
      "door": 1
    },
    {
      "c": [
        2398,
        590,
        2549,
        590
      ],
      "move": 1,
      "sense": 0,
      "sound": 1,
      "door": 0
    },
    {
      "c": [
        2549,
        4807,
        2549,
        4656
      ],
      "move": 1,
      "sense": 1,
      "sound": 1,
      "door": 0
    },
    {
      "c": [
        2549,
        4807,
        4055,
        4807
      ],
      "move": 1,
      "sense": 1,
      "sound": 1,
      "door": 0
    },
    {
      "c": [
        2549,
        4656,
        2549,
        4506
      ],
      "move": 1,
      "sense": 1,
      "sound": 1,
      "door": 1
    },
    {
      "c": [
        2549,
        4506,
        2549,
        4205
      ],
      "move": 1,
      "sense": 1,
      "sound": 1,
      "door": 0
    },
    {
      "c": [
        2549,
        4205,
        3603,
        4205
      ],
      "move": 1,
      "sense": 1,
      "sound": 1,
      "door": 0
    },
    {
      "c": [
        2549,
        3000,
        2549,
        2698
      ],
      "move": 1,
      "sense": 1,
      "sound": 1,
      "door": 0
    },
    {
      "c": [
        2549,
        2698,
        3151,
        2698
      ],
      "move": 1,
      "sense": 1,
      "sound": 1,
      "door": 0
    },
    {
      "c": [
        2549,
        590,
        2699,
        590
      ],
      "move": 1,
      "sense": 0,
      "sound": 1,
      "door": 0
    },
    {
      "c": [
        2699,
        3903,
        3001,
        3903
      ],
      "move": 1,
      "sense": 1,
      "sound": 1,
      "door": 1
    },
    {
      "c": [
        2699,
        1644,
        2850,
        1644
      ],
      "move": 1,
      "sense": 1,
      "sound": 1,
      "door": 1
    },
    {
      "c": [
        2699,
        590,
        2850,
        590
      ],
      "move": 1,
      "sense": 1,
      "sound": 1,
      "door": 0
    },
    {
      "c": [
        2850,
        1644,
        3151,
        1644
      ],
      "move": 1,
      "sense": 1,
      "sound": 1,
      "door": 0
    },
    {
      "c": [
        2850,
        590,
        3603,
        590
      ],
      "move": 1,
      "sense": 0,
      "sound": 1,
      "door": 0
    },
    {
      "c": [
        3001,
        3903,
        3151,
        3903
      ],
      "move": 1,
      "sense": 1,
      "sound": 1,
      "door": 0
    },
    {
      "c": [
        3151,
        3903,
        3151,
        2849
      ],
      "move": 1,
      "sense": 1,
      "sound": 1,
      "door": 0
    },
    {
      "c": [
        3151,
        3000,
        3302,
        3000
      ],
      "move": 1,
      "sense": 1,
      "sound": 1,
      "door": 0
    },
    {
      "c": [
        3151,
        2849,
        3151,
        2698
      ],
      "move": 1,
      "sense": 0,
      "sound": 1,
      "door": 0
    },
    {
      "c": [
        3151,
        2698,
        3452,
        2698
      ],
      "move": 1,
      "sense": 1,
      "sound": 1,
      "door": 0
    },
    {
      "c": [
        3151,
        2397,
        3151,
        1644
      ],
      "move": 1,
      "sense": 1,
      "sound": 1,
      "door": 0
    },
    {
      "c": [
        3151,
        1644,
        3151,
        1343
      ],
      "move": 1,
      "sense": 1,
      "sound": 1,
      "door": 0
    },
    {
      "c": [
        3151,
        1343,
        3603,
        1343
      ],
      "move": 1,
      "sense": 1,
      "sound": 1,
      "door": 0
    },
    {
      "c": [
        3302,
        3000,
        3904,
        3000
      ],
      "move": 1,
      "sense": 1,
      "sound": 1,
      "door": 0
    },
    {
      "c": [
        3452,
        4205,
        3452,
        4054
      ],
      "move": 1,
      "sense": 1,
      "sound": 1,
      "door": 0
    },
    {
      "c": [
        3452,
        4054,
        3452,
        3301
      ],
      "move": 1,
      "sense": 1,
      "sound": 1,
      "door": 0
    },
    {
      "c": [
        3452,
        3301,
        3603,
        3301
      ],
      "move": 1,
      "sense": 1,
      "sound": 1,
      "door": 1
    },
    {
      "c": [
        3452,
        2698,
        3452,
        1644
      ],
      "move": 1,
      "sense": 1,
      "sound": 1,
      "door": 0
    },
    {
      "c": [
        3452,
        1644,
        3603,
        1644
      ],
      "move": 1,
      "sense": 1,
      "sound": 1,
      "door": 1
    },
    {
      "c": [
        3603,
        4205,
        3904,
        4205
      ],
      "move": 1,
      "sense": 1,
      "sound": 1,
      "door": 0
    },
    {
      "c": [
        3603,
        3301,
        4055,
        3301
      ],
      "move": 1,
      "sense": 1,
      "sound": 1,
      "door": 0
    },
    {
      "c": [
        3603,
        1644,
        4055,
        1644
      ],
      "move": 1,
      "sense": 1,
      "sound": 1,
      "door": 0
    },
    {
      "c": [
        3603,
        1343,
        3603,
        740
      ],
      "move": 1,
      "sense": 1,
      "sound": 1,
      "door": 0
    },
    {
      "c": [
        3603,
        740,
        3603,
        590
      ],
      "move": 1,
      "sense": 1,
      "sound": 1,
      "door": 1
    },
    {
      "c": [
        3603,
        590,
        5109,
        590
      ],
      "move": 1,
      "sense": 1,
      "sound": 1,
      "door": 0
    },
    {
      "c": [
        3904,
        4807,
        3904,
        4656
      ],
      "move": 1,
      "sense": 1,
      "sound": 1,
      "door": 0
    },
    {
      "c": [
        3904,
        4656,
        3904,
        4506
      ],
      "move": 1,
      "sense": 1,
      "sound": 1,
      "door": 1
    },
    {
      "c": [
        3904,
        4506,
        3904,
        4205
      ],
      "move": 1,
      "sense": 1,
      "sound": 1,
      "door": 0
    },
    {
      "c": [
        3904,
        4205,
        4055,
        4205
      ],
      "move": 1,
      "sense": 1,
      "sound": 1,
      "door": 0
    },
    {
      "c": [
        3904,
        3000,
        3904,
        2698
      ],
      "move": 1,
      "sense": 1,
      "sound": 1,
      "door": 0
    },
    {
      "c": [
        3904,
        2698,
        4055,
        2698
      ],
      "move": 1,
      "sense": 1,
      "sound": 1,
      "door": 0
    },
    {
      "c": [
        3904,
        1343,
        3904,
        891
      ],
      "move": 1,
      "sense": 1,
      "sound": 1,
      "door": 0
    },
    {
      "c": [
        3904,
        1343,
        4356,
        1343
      ],
      "move": 1,
      "sense": 1,
      "sound": 1,
      "door": 0
    },
    {
      "c": [
        3904,
        891,
        4959,
        891
      ],
      "move": 1,
      "sense": 1,
      "sound": 1,
      "door": 0
    },
    {
      "c": [
        4055,
        4807,
        4507,
        4807
      ],
      "move": 1,
      "sense": 1,
      "sound": 1,
      "door": 0
    },
    {
      "c": [
        4055,
        4205,
        4206,
        4205
      ],
      "move": 1,
      "sense": 1,
      "sound": 1,
      "door": 1
    },
    {
      "c": [
        4055,
        3602,
        4055,
        3301
      ],
      "move": 1,
      "sense": 1,
      "sound": 1,
      "door": 0
    },
    {
      "c": [
        4055,
        3602,
        4507,
        3602
      ],
      "move": 1,
      "sense": 1,
      "sound": 1,
      "door": 0
    },
    {
      "c": [
        4055,
        2698,
        4055,
        1644
      ],
      "move": 1,
      "sense": 1,
      "sound": 1,
      "door": 0
    },
    {
      "c": [
        4206,
        4205,
        4507,
        4205
      ],
      "move": 1,
      "sense": 1,
      "sound": 1,
      "door": 0
    },
    {
      "c": [
        4206,
        3451,
        4206,
        3150
      ],
      "move": 1,
      "sense": 1,
      "sound": 1,
      "door": 0
    },
    {
      "c": [
        4206,
        3451,
        4959,
        3451
      ],
      "move": 1,
      "sense": 1,
      "sound": 1,
      "door": 0
    },
    {
      "c": [
        4206,
        3150,
        4206,
        3000
      ],
      "move": 1,
      "sense": 1,
      "sound": 1,
      "door": 1
    },
    {
      "c": [
        4206,
        3000,
        4206,
        2849
      ],
      "move": 1,
      "sense": 1,
      "sound": 1,
      "door": 0
    },
    {
      "c": [
        4206,
        2849,
        4356,
        2849
      ],
      "move": 1,
      "sense": 1,
      "sound": 1,
      "door": 0
    },
    {
      "c": [
        4356,
        2849,
        4356,
        2397
      ],
      "move": 1,
      "sense": 1,
      "sound": 1,
      "door": 0
    },
    {
      "c": [
        4356,
        2397,
        4507,
        2397
      ],
      "move": 1,
      "sense": 1,
      "sound": 1,
      "door": 0
    },
    {
      "c": [
        4356,
        2397,
        4356,
        2096
      ],
      "move": 1,
      "sense": 1,
      "sound": 1,
      "door": 0
    },
    {
      "c": [
        4356,
        2096,
        4356,
        1945
      ],
      "move": 1,
      "sense": 1,
      "sound": 1,
      "door": 1
    },
    {
      "c": [
        4356,
        1945,
        4356,
        1795
      ],
      "move": 1,
      "sense": 1,
      "sound": 1,
      "door": 0
    },
    {
      "c": [
        4356,
        1795,
        4657,
        1795
      ],
      "move": 1,
      "sense": 1,
      "sound": 1,
      "door": 0
    },
    {
      "c": [
        4356,
        1795,
        4356,
        1343
      ],
      "move": 1,
      "sense": 1,
      "sound": 1,
      "door": 0
    },
    {
      "c": [
        4507,
        4807,
        4507,
        4205
      ],
      "move": 1,
      "sense": 1,
      "sound": 1,
      "door": 0
    },
    {
      "c": [
        4507,
        4205,
        4507,
        3602
      ],
      "move": 1,
      "sense": 1,
      "sound": 1,
      "door": 0
    },
    {
      "c": [
        4507,
        2397,
        4657,
        2397
      ],
      "move": 1,
      "sense": 1,
      "sound": 1,
      "door": 1
    },
    {
      "c": [
        4657,
        4807,
        5109,
        4807
      ],
      "move": 1,
      "sense": 1,
      "sound": 1,
      "door": 0
    },
    {
      "c": [
        4657,
        4807,
        4657,
        4656
      ],
      "move": 1,
      "sense": 1,
      "sound": 1,
      "door": 0
    },
    {
      "c": [
        4657,
        4656,
        4657,
        4506
      ],
      "move": 1,
      "sense": 1,
      "sound": 1,
      "door": 1
    },
    {
      "c": [
        4657,
        4506,
        4657,
        3602
      ],
      "move": 1,
      "sense": 1,
      "sound": 1,
      "door": 0
    },
    {
      "c": [
        4657,
        3602,
        4808,
        3602
      ],
      "move": 1,
      "sense": 1,
      "sound": 1,
      "door": 1
    },
    {
      "c": [
        4657,
        2397,
        4959,
        2397
      ],
      "move": 1,
      "sense": 1,
      "sound": 1,
      "door": 0
    },
    {
      "c": [
        4657,
        1795,
        4657,
        1644
      ],
      "move": 1,
      "sense": 1,
      "sound": 1,
      "door": 0
    },
    {
      "c": [
        4657,
        1644,
        4657,
        1493
      ],
      "move": 1,
      "sense": 1,
      "sound": 1,
      "door": 1
    },
    {
      "c": [
        4657,
        1493,
        4657,
        1343
      ],
      "move": 1,
      "sense": 1,
      "sound": 1,
      "door": 0
    },
    {
      "c": [
        4657,
        1343,
        4959,
        1343
      ],
      "move": 1,
      "sense": 1,
      "sound": 1,
      "door": 0
    },
    {
      "c": [
        4808,
        3602,
        5109,
        3602
      ],
      "move": 1,
      "sense": 1,
      "sound": 1,
      "door": 0
    },
    {
      "c": [
        4959,
        3451,
        4959,
        2397
      ],
      "move": 1,
      "sense": 1,
      "sound": 1,
      "door": 0
    },
    {
      "c": [
        4959,
        2397,
        4959,
        1343
      ],
      "move": 1,
      "sense": 1,
      "sound": 1,
      "door": 0
    },
    {
      "c": [
        4959,
        1343,
        4959,
        1192
      ],
      "move": 1,
      "sense": 1,
      "sound": 1,
      "door": 0
    },
    {
      "c": [
        4959,
        1192,
        4959,
        1042
      ],
      "move": 1,
      "sense": 1,
      "sound": 1,
      "door": 1
    },
    {
      "c": [
        4959,
        1042,
        4959,
        891
      ],
      "move": 1,
      "sense": 1,
      "sound": 1,
      "door": 0
    },
    {
      "c": [
        5109,
        5108,
        5109,
        4807
      ],
      "move": 1,
      "sense": 1,
      "sound": 1,
      "door": 0
    },
    {
      "c": [
        5109,
        4807,
        5109,
        3602
      ],
      "move": 1,
      "sense": 1,
      "sound": 1,
      "door": 0
    },
    {
      "c": [
        5109,
        3602,
        5109,
        590
      ],
      "move": 1,
      "sense": 1,
      "sound": 1,
      "door": 0
    },
    {
      "c": [
        2398,
        590,
        2398,
        590
      ],
      "move": 1,
      "sense": 1,
      "sound": 1,
      "door": 0
    },
    {
      "c": [
        2549,
        590,
        2549,
        590
      ],
      "move": 1,
      "sense": 0,
      "sound": 1,
      "door": 0
    },
    {
      "c": [
        2850,
        590,
        2850,
        590
      ],
      "move": 1,
      "sense": 1,
      "sound": 1,
      "door": 0
    },
    {
      "c": [
        3151,
        2698,
        3151,
        2698
      ],
      "move": 1,
      "sense": 1,
      "sound": 1,
      "door": 0
    },
    {
      "c": [
        3151,
        2849,
        3151,
        2849
      ],
      "move": 1,
      "sense": 1,
      "sound": 1,
      "door": 0
    },
    {
      "c": [
        3603,
        590,
        3603,
        590
      ],
      "move": 1,
      "sense": 1,
      "sound": 1,
      "door": 0
    },
    {
      "c": [
        1434,
        4751,
        1404,
        4751
      ],
      "move": 1,
      "sense": 2,
      "sound": 1,
      "door": 0
    },
    {
      "c": [
        1416,
        4756,
        1395,
        4735
      ],
      "move": 1,
      "sense": 2,
      "sound": 1,
      "door": 0
    },
    {
      "c": [
        1400,
        4747,
        1400,
        4717
      ],
      "move": 1,
      "sense": 2,
      "sound": 1,
      "door": 0
    },
    {
      "c": [
        1395,
        4729,
        1416,
        4707
      ],
      "move": 1,
      "sense": 2,
      "sound": 1,
      "door": 0
    },
    {
      "c": [
        1404,
        4712,
        1434,
        4712
      ],
      "move": 1,
      "sense": 2,
      "sound": 1,
      "door": 0
    },
    {
      "c": [
        1422,
        4707,
        1443,
        4729
      ],
      "move": 1,
      "sense": 2,
      "sound": 1,
      "door": 0
    },
    {
      "c": [
        1439,
        4717,
        1439,
        4747
      ],
      "move": 1,
      "sense": 2,
      "sound": 1,
      "door": 0
    },
    {
      "c": [
        1443,
        4735,
        1422,
        4756
      ],
      "move": 1,
      "sense": 2,
      "sound": 1,
      "door": 0
    },
    {
      "c": [
        1434,
        4299,
        1404,
        4299
      ],
      "move": 1,
      "sense": 2,
      "sound": 1,
      "door": 0
    },
    {
      "c": [
        1416,
        4304,
        1395,
        4283
      ],
      "move": 1,
      "sense": 2,
      "sound": 1,
      "door": 0
    },
    {
      "c": [
        1400,
        4295,
        1400,
        4265
      ],
      "move": 1,
      "sense": 2,
      "sound": 1,
      "door": 0
    },
    {
      "c": [
        1395,
        4277,
        1416,
        4256
      ],
      "move": 1,
      "sense": 2,
      "sound": 1,
      "door": 0
    },
    {
      "c": [
        1404,
        4260,
        1434,
        4260
      ],
      "move": 1,
      "sense": 2,
      "sound": 1,
      "door": 0
    },
    {
      "c": [
        1422,
        4256,
        1443,
        4277
      ],
      "move": 1,
      "sense": 2,
      "sound": 1,
      "door": 0
    },
    {
      "c": [
        1439,
        4265,
        1439,
        4295
      ],
      "move": 1,
      "sense": 2,
      "sound": 1,
      "door": 0
    },
    {
      "c": [
        1443,
        4283,
        1422,
        4304
      ],
      "move": 1,
      "sense": 2,
      "sound": 1,
      "door": 0
    },
    {
      "c": [
        1434,
        3847,
        1404,
        3847
      ],
      "move": 1,
      "sense": 2,
      "sound": 1,
      "door": 0
    },
    {
      "c": [
        1416,
        3852,
        1395,
        3831
      ],
      "move": 1,
      "sense": 2,
      "sound": 1,
      "door": 0
    },
    {
      "c": [
        1400,
        3843,
        1400,
        3813
      ],
      "move": 1,
      "sense": 2,
      "sound": 1,
      "door": 0
    },
    {
      "c": [
        1395,
        3825,
        1416,
        3804
      ],
      "move": 1,
      "sense": 2,
      "sound": 1,
      "door": 0
    },
    {
      "c": [
        1404,
        3809,
        1434,
        3809
      ],
      "move": 1,
      "sense": 2,
      "sound": 1,
      "door": 0
    },
    {
      "c": [
        1422,
        3804,
        1443,
        3825
      ],
      "move": 1,
      "sense": 2,
      "sound": 1,
      "door": 0
    },
    {
      "c": [
        1439,
        3813,
        1439,
        3843
      ],
      "move": 1,
      "sense": 2,
      "sound": 1,
      "door": 0
    },
    {
      "c": [
        1443,
        3831,
        1422,
        3852
      ],
      "move": 1,
      "sense": 2,
      "sound": 1,
      "door": 0
    },
    {
      "c": [
        1434,
        3396,
        1404,
        3396
      ],
      "move": 1,
      "sense": 2,
      "sound": 1,
      "door": 0
    },
    {
      "c": [
        1416,
        3401,
        1395,
        3379
      ],
      "move": 1,
      "sense": 2,
      "sound": 1,
      "door": 0
    },
    {
      "c": [
        1400,
        3391,
        1400,
        3361
      ],
      "move": 1,
      "sense": 2,
      "sound": 1,
      "door": 0
    },
    {
      "c": [
        1395,
        3373,
        1416,
        3352
      ],
      "move": 1,
      "sense": 2,
      "sound": 1,
      "door": 0
    },
    {
      "c": [
        1404,
        3357,
        1434,
        3357
      ],
      "move": 1,
      "sense": 2,
      "sound": 1,
      "door": 0
    },
    {
      "c": [
        1422,
        3352,
        1443,
        3373
      ],
      "move": 1,
      "sense": 2,
      "sound": 1,
      "door": 0
    },
    {
      "c": [
        1439,
        3361,
        1439,
        3391
      ],
      "move": 1,
      "sense": 2,
      "sound": 1,
      "door": 0
    },
    {
      "c": [
        1443,
        3379,
        1422,
        3401
      ],
      "move": 1,
      "sense": 2,
      "sound": 1,
      "door": 0
    },
    {
      "c": [
        4683,
        2834,
        4683,
        2864
      ],
      "move": 1,
      "sense": 2,
      "sound": 1,
      "door": 0
    },
    {
      "c": [
        4686,
        2857,
        4665,
        2878
      ],
      "move": 1,
      "sense": 2,
      "sound": 1,
      "door": 0
    },
    {
      "c": [
        4673,
        2875,
        4642,
        2875
      ],
      "move": 1,
      "sense": 2,
      "sound": 1,
      "door": 0
    },
    {
      "c": [
        4650,
        2878,
        4629,
        2857
      ],
      "move": 1,
      "sense": 2,
      "sound": 1,
      "door": 0
    },
    {
      "c": [
        4632,
        2864,
        4632,
        2834
      ],
      "move": 1,
      "sense": 2,
      "sound": 1,
      "door": 0
    },
    {
      "c": [
        4629,
        2841,
        4650,
        2820
      ],
      "move": 1,
      "sense": 2,
      "sound": 1,
      "door": 0
    },
    {
      "c": [
        4642,
        2823,
        4673,
        2823
      ],
      "move": 1,
      "sense": 2,
      "sound": 1,
      "door": 0
    },
    {
      "c": [
        4665,
        2820,
        4686,
        2841
      ],
      "move": 1,
      "sense": 2,
      "sound": 1,
      "door": 0
    }
  ],
  "img": null,
  "foreground": null
}