{
  "name": "RandomVillage001",
  "width": 7200,
  "height": 7800,
  "grid": 150,
  "shiftX": 0,
  "shiftY": 0,
  "gridDistance": 5.0,
  "gridUnits": "ft",
  "padding": 0.0,
  "gridColor": "#000000",
  "gridAlpha": 0.2,
  "globalLight": true,
  "darkness": 0.0,
  "lights": [
    {
      "x": 4953,
      "y": 2627,
      "dim": 40.0,
      "bright": 20.0,
      "tintColor": "#FFB46D",
      "tintAlpha": 0.0
    },
    {
      "x": 4282,
      "y": 2905,
      "dim": 8.744581,
      "bright": 4.37229061,
      "tintColor": "#FFB055",
      "tintAlpha": 0.0
    },
    {
      "x": 2167,
      "y": 1743,
      "dim": 11.3160934,
      "bright": 5.65804672,
      "tintColor": "#FFB055",
      "tintAlpha": 0.0
    },
    {
      "x": 2021,
      "y": 622,
      "dim": 20.0,
      "bright": 10.0,
      "tintColor": "#FFC140",
      "tintAlpha": 0.0
    },
    {
      "x": 2472,
      "y": 622,
      "dim": 20.0,
      "bright": 10.0,
      "tintColor": "#FFC140",
      "tintAlpha": 0.0
    },
    {
      "x": 870,
      "y": 2772,
      "dim": 23.9317589,
      "bright": 11.9658794,
      "tintColor": "#FF8C00",
      "tintAlpha": 0.0
    },
    {
      "x": 2089,
      "y": 3430,
      "dim": 23.9317589,
      "bright": 11.9658794,
      "tintColor": "#FF8C00",
      "tintAlpha": 0.0
    },
    {
      "x": 2525,
      "y": 5181,
      "dim": 23.9317589,
      "bright": 11.9658794,
      "tintColor": "#FF8C00",
      "tintAlpha": 0.0
    },
    {
      "x": 5127,
      "y": 5929,
      "dim": 23.9317589,
      "bright": 11.9658794,
      "tintColor": "#FF8C00",
      "tintAlpha": 0.0
    },
    {
      "x": 6429,
      "y": 5636,
      "dim": 20.0,
      "bright": 10.0,
      "tintColor": "#FFAD40",
      "tintAlpha": 0.0
    },
    {
      "x": 6429,
      "y": 5335,
      "dim": 20.0,
      "bright": 10.0,
      "tintColor": "#FFAD40",
      "tintAlpha": 0.0
    },
    {
      "x": 6429,
      "y": 5034,
      "dim": 20.0,
      "bright": 10.0,
      "tintColor": "#FFAD40",
      "tintAlpha": 0.0
    },
    {
      "x": 2845,
      "y": 6790,
      "dim": 20.0,
      "bright": 10.0,
      "tintColor": "#FFAD40",
      "tintAlpha": 0.0
    },
    {
      "x": 3266,
      "y": 6984,
      "dim": 20.0,
      "bright": 10.0,
      "tintColor": "#FFC140",
      "tintAlpha": 0.0
    },
    {
      "x": 4577,
      "y": 7176,
      "dim": 20.0,
      "bright": 10.0,
      "tintColor": "#FFC140",
      "tintAlpha": 0.0
    },
    {
      "x": 5222,
      "y": 6984,
      "dim": 20.0,
      "bright": 10.0,
      "tintColor": "#FFC140",
      "tintAlpha": 0.0
    },
    {
      "x": 4018,
      "y": 7135,
      "dim": 20.0,
      "bright": 10.0,
      "tintColor": "#FFC140",
      "tintAlpha": 0.0
    },
    {
      "x": 3678,
      "y": 6734,
      "dim": 20.0,
      "bright": 10.0,
      "tintColor": "#FFAD40",
      "tintAlpha": 0.0
    },
    {
      "x": 3527,
      "y": 7177,
      "dim": 20.0,
      "bright": 10.0,
      "tintColor": "#FFAD40",
      "tintAlpha": 0.0
    },
    {
      "x": 5300,
      "y": 5627,
      "dim": 20.0,
      "bright": 10.0,
      "tintColor": "#FFB055",
      "tintAlpha": 0.0
    },
    {
      "x": 5183,
      "y": 6191,
      "dim": 20.0,
      "bright": 10.0,
      "tintColor": "#FFB055",
      "tintAlpha": 0.0
    },
    {
      "x": 4949,
      "y": 6200,
      "dim": 12.6559362,
      "bright": 6.327968,
      "tintColor": "#FF9900",
      "tintAlpha": 0.0
    },
    {
      "x": 5027,
      "y": 4092,
      "dim": 25.0,
      "bright": 12.5,
      "tintColor": "#FF9800",
      "tintAlpha": 0.0
    },
    {
      "x": 3076,
      "y": 4909,
      "dim": 25.0,
      "bright": 12.5,
      "tintColor": "#FF9800",
      "tintAlpha": 0.0
    },
    {
      "x": 2616,
      "y": 1762,
      "dim": 20.0,
      "bright": 10.0,
      "tintColor": "#FFAD40",
      "tintAlpha": 0.0
    },
    {
      "x": 2471,
      "y": 3866,
      "dim": 20.0,
      "bright": 10.0,
      "tintColor": "#FFC140",
      "tintAlpha": 0.0
    },
    {
      "x": 3796,
      "y": 3221,
      "dim": 20.0,
      "bright": 10.0,
      "tintColor": "#FFB055",
      "tintAlpha": 0.0
    },
    {
      "x": 3796,
      "y": 3522,
      "dim": 20.0,
      "bright": 10.0,
      "tintColor": "#FFB055",
      "tintAlpha": 0.0
    },
    {
      "x": 5450,
      "y": 1416,
      "dim": 20.0,
      "bright": 10.0,
      "tintColor": "#FFB055",
      "tintAlpha": 0.0
    },
    {
      "x": 5331,
      "y": 2141,
      "dim": 20.0,
      "bright": 10.0,
      "tintColor": "#FFB055",
      "tintAlpha": 0.0
    },
    {
      "x": 1118,
      "y": 3496,
      "dim": 25.0,
      "bright": 12.5,
      "tintColor": "#FF9A00",
      "tintAlpha": 0.0
    },
    {
      "x": 4130,
      "y": 6191,
      "dim": 20.0,
      "bright": 10.0,
      "tintColor": "#FFB055",
      "tintAlpha": 0.0
    },
    {
      "x": 4018,
      "y": 6232,
      "dim": 20.0,
      "bright": 10.0,
      "tintColor": "#FFC140",
      "tintAlpha": 0.0
    },
    {
      "x": 3973,
      "y": 6182,
      "dim": 20.0,
      "bright": 10.0,
      "tintColor": "#FFAD40",
      "tintAlpha": 0.0
    },
    {
      "x": 3749,
      "y": 6200,
      "dim": 13.9137688,
      "bright": 6.95688438,
      "tintColor": "#FF9900",
      "tintAlpha": 0.0
    },
    {
      "x": 3332,
      "y": 6231,
      "dim": 20.0,
      "bright": 10.0,
      "tintColor": "#FFC140",
      "tintAlpha": 0.0
    },
    {
      "x": 3263,
      "y": 6234,
      "dim": 20.0,
      "bright": 10.0,
      "tintColor": "#FFB055",
      "tintAlpha": 0.0
    },
    {
      "x": 5959,
      "y": 1567,
      "dim": 25.0,
      "bright": 12.5,
      "tintColor": "#FF9A00",
      "tintAlpha": 0.0
    },
    {
      "x": 3230,
      "y": 2124,
      "dim": 20.0,
      "bright": 10.0,
      "tintColor": "#FFAD40",
      "tintAlpha": 0.0
    },
    {
      "x": 2472,
      "y": 3029,
      "dim": 20.0,
      "bright": 10.0,
      "tintColor": "#FFC140",
      "tintAlpha": 0.0
    },
    {
      "x": 3074,
      "y": 2639,
      "dim": 20.0,
      "bright": 10.0,
      "tintColor": "#FFAD40",
      "tintAlpha": 0.0
    },
    {
      "x": 4434,
      "y": 2876,
      "dim": 20.0,
      "bright": 10.0,
      "tintColor": "#FFAD40",
      "tintAlpha": 0.0
    },
    {
      "x": 2922,
      "y": 3853,
      "dim": 20.0,
      "bright": 10.0,
      "tintColor": "#FFB055",
      "tintAlpha": 0.0
    },
    {
      "x": 2621,
      "y": 7176,
      "dim": 20.0,
      "bright": 10.0,
      "tintColor": "#FFC140",
      "tintAlpha": 0.0
    },
    {
      "x": 2432,
      "y": 6227,
      "dim": 20.0,
      "bright": 10.0,
      "tintColor": "#FFB055",
      "tintAlpha": 0.0
    }
  ],
  "walls": [
    {
      "c": [
        595,
        7205,
        595,
        6153
      ],
      "move": 1,
      "sense": 0,
      "sound": 1,
      "door": 0
    },
    {
      "c": [
        595,
        7205,
        2398,
        7205
      ],
      "move": 1,
      "sense": 0,
      "sound": 1,
      "door": 0
    },
    {
      "c": [
        597,
        6151,
        597,
        4950
      ],
      "move": 1,
      "sense": 0,
      "sound": 1,
      "door": 0
    },
    {
      "c": [
        591,
        6156,
        741,
        6156
      ],
      "move": 1,
      "sense": 1,
      "sound": 1,
      "door": 1
    },
    {
      "c": [
        597,
        4950,
        1798,
        4950
      ],
      "move": 1,
      "sense": 0,
      "sound": 1,
      "door": 0
    },
    {
      "c": [
        591,
        4802,
        591,
        4501
      ],
      "move": 1,
      "sense": 1,
      "sound": 1,
      "door": 0
    },
    {
      "c": [
        591,
        4802,
        741,
        4802
      ],
      "move": 1,
      "sense": 0,
      "sound": 1,
      "door": 0
    },
    {
      "c": [
        591,
        4501,
        591,
        4350
      ],
      "move": 1,
      "sense": 0,
      "sound": 1,
      "door": 0
    },
    {
      "c": [
        591,
        4350,
        591,
        4200
      ],
      "move": 1,
      "sense": 1,
      "sound": 1,
      "door": 0
    },
    {
      "c": [
        591,
        4200,
        591,
        3899
      ],
      "move": 1,
      "sense": 0,
      "sound": 1,
      "door": 0
    },
    {
      "c": [
        591,
        3899,
        591,
        3749
      ],
      "move": 1,
      "sense": 1,
      "sound": 1,
      "door": 0
    },
    {
      "c": [
        591,
        3749,
        591,
        3598
      ],
      "move": 1,
      "sense": 0,
      "sound": 1,
      "door": 0
    },
    {
      "c": [
        591,
        3598,
        591,
        3448
      ],
      "move": 1,
      "sense": 1,
      "sound": 1,
      "door": 0
    },
    {
      "c": [
        591,
        3448,
        741,
        3448
      ],
      "move": 1,
      "sense": 1,
      "sound": 1,
      "door": 0
    },
    {
      "c": [
        597,
        3449,
        597,
        596
      ],
      "move": 1,
      "sense": 0,
      "sound": 1,
      "door": 0
    },
    {
      "c": [
        597,
        596,
        1798,
        596
      ],
      "move": 1,
      "sense": 0,
      "sound": 1,
      "door": 0
    },
    {
      "c": [
        745,
        7055,
        745,
        6153
      ],
      "move": 1,
      "sense": 0,
      "sound": 1,
      "door": 0
    },
    {
      "c": [
        745,
        7055,
        2398,
        7055
      ],
      "move": 1,
      "sense": 0,
      "sound": 1,
      "door": 0
    },
    {
      "c": [
        747,
        6151,
        897,
        6151
      ],
      "move": 1,
      "sense": 0,
      "sound": 1,
      "door": 0
    },
    {
      "c": [
        741,
        4802,
        1042,
        4802
      ],
      "move": 1,
      "sense": 1,
      "sound": 1,
      "door": 0
    },
    {
      "c": [
        747,
        3449,
        747,
        746
      ],
      "move": 1,
      "sense": 0,
      "sound": 1,
      "door": 0
    },
    {
      "c": [
        741,
        3448,
        1042,
        3448
      ],
      "move": 1,
      "sense": 1,
      "sound": 1,
      "door": 1
    },
    {
      "c": [
        747,
        746,
        1798,
        746
      ],
      "move": 1,
      "sense": 0,
      "sound": 1,
      "door": 0
    },
    {
      "c": [
        892,
        6156,
        1193,
        6156
      ],
      "move": 1,
      "sense": 1,
      "sound": 1,
      "door": 1
    },
    {
      "c": [
        1042,
        4802,
        1193,
        4802
      ],
      "move": 1,
      "sense": 0,
      "sound": 1,
      "door": 0
    },
    {
      "c": [
        1042,
        3448,
        1343,
        3448
      ],
      "move": 1,
      "sense": 1,
      "sound": 1,
      "door": 0
    },
    {
      "c": [
        1042,
        3448,
        1042,
        3297
      ],
      "move": 1,
      "sense": 1,
      "sound": 1,
      "door": 0
    },
    {
      "c": [
        1046,
        3298,
        1046,
        2847
      ],
      "move": 1,
      "sense": 0,
      "sound": 1,
      "door": 0
    },
    {
      "c": [
        1042,
        3297,
        1644,
        3297
      ],
      "move": 1,
      "sense": 1,
      "sound": 1,
      "door": 0
    },
    {
      "c": [
        1042,
        2846,
        1042,
        2695
      ],
      "move": 1,
      "sense": 1,
      "sound": 1,
      "door": 1
    },
    {
      "c": [
        1046,
        2697,
        1046,
        2096
      ],
      "move": 1,
      "sense": 0,
      "sound": 1,
      "door": 0
    },
    {
      "c": [
        1046,
        2096,
        1797,
        2096
      ],
      "move": 1,
      "sense": 0,
      "sound": 1,
      "door": 0
    },
    {
      "c": [
        1197,
        6151,
        2399,
        6151
      ],
      "move": 1,
      "sense": 0,
      "sound": 1,
      "door": 0
    },
    {
      "c": [
        1193,
        4802,
        1795,
        4802
      ],
      "move": 1,
      "sense": 1,
      "sound": 1,
      "door": 0
    },
    {
      "c": [
        1343,
        3448,
        1494,
        3448
      ],
      "move": 1,
      "sense": 1,
      "sound": 1,
      "door": 1
    },
    {
      "c": [
        1494,
        3448,
        1795,
        3448
      ],
      "move": 1,
      "sense": 1,
      "sound": 1,
      "door": 0
    },
    {
      "c": [
        1644,
        3297,
        1795,
        3297
      ],
      "move": 1,
      "sense": 1,
      "sound": 1,
      "door": 1
    },
    {
      "c": [
        1795,
        4952,
        1795,
        4802
      ],
      "move": 1,
      "sense": 1,
      "sound": 1,
      "door": 0
    },
    {
      "c": [
        1795,
        4952,
        2095,
        4952
      ],
      "move": 1,
      "sense": 1,
      "sound": 1,
      "door": 1
    },
    {
      "c": [
        1795,
        4802,
        1795,
        4501
      ],
      "move": 1,
      "sense": 1,
      "sound": 1,
      "door": 0
    },
    {
      "c": [
        1795,
        4350,
        1795,
        4501
      ],
      "move": 1,
      "sense": 0,
      "sound": 1,
      "door": 0
    },
    {
      "c": [
        1795,
        4350,
        1795,
        4200
      ],
      "move": 1,
      "sense": 1,
      "sound": 1,
      "door": 0
    },
    {
      "c": [
        1795,
        4200,
        1795,
        3899
      ],
      "move": 1,
      "sense": 0,
      "sound": 1,
      "door": 0
    },
    {
      "c": [
        1795,
        3899,
        1795,
        3749
      ],
      "move": 1,
      "sense": 1,
      "sound": 1,
      "door": 0
    },
    {
      "c": [
        1795,
        3598,
        1795,
        3749
      ],
      "move": 1,
      "sense": 0,
      "sound": 1,
      "door": 0
    },
    {
      "c": [
        1795,
        3598,
        1795,
        3448
      ],
      "move": 1,
      "sense": 1,
      "sound": 1,
      "door": 0
    },
    {
      "c": [
        1795,
        3297,
        2095,
        3297
      ],
      "move": 1,
      "sense": 1,
      "sound": 1,
      "door": 0
    },
    {
      "c": [
        1795,
        2094,
        2095,
        2094
      ],
      "move": 1,
      "sense": 1,
      "sound": 1,
      "door": 0
    },
    {
      "c": [
        1795,
        2094,
        1795,
        1793
      ],
      "move": 1,
      "sense": 1,
      "sound": 1,
      "door": 0
    },
    {
      "c": [
        1795,
        1793,
        1945,
        1793
      ],
      "move": 1,
      "sense": 1,
      "sound": 1,
      "door": 1
    },
    {
      "c": [
        1795,
        1793,
        1795,
        1040
      ],
      "move": 1,
      "sense": 1,
      "sound": 1,
      "door": 0
    },
    {
      "c": [
        1795,
        1040,
        1795,
        890
      ],
      "move": 1,
      "sense": 0,
      "sound": 1,
      "door": 0
    },
    {
      "c": [
        1795,
        890,
        1795,
        739
      ],
      "move": 1,
      "sense": 1,
      "sound": 1,
      "door": 1
    },
    {
      "c": [
        1795,
        739,
        1795,
        589
      ],
      "move": 1,
      "sense": 1,
      "sound": 1,
      "door": 0
    },
    {
      "c": [
        1795,
        589,
        1945,
        589
      ],
      "move": 1,
      "sense": 0,
      "sound": 1,
      "door": 0
    },
    {
      "c": [
        1945,
        1793,
        2396,
        1793
      ],
      "move": 1,
      "sense": 1,
      "sound": 1,
      "door": 0
    },
    {
      "c": [
        1945,
        589,
        2246,
        589
      ],
      "move": 1,
      "sense": 1,
      "sound": 1,
      "door": 0
    },
    {
      "c": [
        2098,
        4950,
        2248,
        4950
      ],
      "move": 1,
      "sense": 0,
      "sound": 1,
      "door": 0
    },
    {
      "c": [
        2095,
        3297,
        2095,
        2094
      ],
      "move": 1,
      "sense": 1,
      "sound": 1,
      "door": 0
    },
    {
      "c": [
        2246,
        4952,
        2246,
        4049
      ],
      "move": 1,
      "sense": 1,
      "sound": 1,
      "door": 0
    },
    {
      "c": [
        2246,
        4952,
        2396,
        4952
      ],
      "move": 1,
      "sense": 1,
      "sound": 1,
      "door": 0
    },
    {
      "c": [
        2246,
        4049,
        2547,
        4049
      ],
      "move": 1,
      "sense": 1,
      "sound": 1,
      "door": 0
    },
    {
      "c": [
        2246,
        589,
        2396,
        589
      ],
      "move": 1,
      "sense": 0,
      "sound": 1,
      "door": 0
    },
    {
      "c": [
        2396,
        7209,
        2697,
        7209
      ],
      "move": 1,
      "sense": 1,
      "sound": 1,
      "door": 0
    },
    {
      "c": [
        2396,
        7209,
        2396,
        7059
      ],
      "move": 1,
      "sense": 0,
      "sound": 1,
      "door": 0
    },
    {
      "c": [
        2396,
        7059,
        2396,
        6908
      ],
      "move": 1,
      "sense": 1,
      "sound": 1,
      "door": 1
    },
    {
      "c": [
        2396,
        6908,
        2396,
        6758
      ],
      "move": 1,
      "sense": 1,
      "sound": 1,
      "door": 0
    },
    {
      "c": [
        2396,
        6758,
        2396,
        6607
      ],
      "move": 1,
      "sense": 0,
      "sound": 1,
      "door": 0
    },
    {
      "c": [
        2396,
        6607,
        2396,
        6457
      ],
      "move": 1,
      "sense": 1,
      "sound": 1,
      "door": 0
    },
    {
      "c": [
        2396,
        6457,
        2396,
        6306
      ],
      "move": 1,
      "sense": 0,
      "sound": 1,
      "door": 0
    },
    {
      "c": [
        2396,
        6306,
        2396,
        6156
      ],
      "move": 1,
      "sense": 1,
      "sound": 1,
      "door": 0
    },
    {
      "c": [
        2399,
        6151,
        2399,
        4950
      ],
      "move": 1,
      "sense": 0,
      "sound": 1,
      "door": 0
    },
    {
      "c": [
        2396,
        6156,
        2998,
        6156
      ],
      "move": 1,
      "sense": 1,
      "sound": 1,
      "door": 0
    },
    {
      "c": [
        2396,
        4952,
        2547,
        4952
      ],
      "move": 1,
      "sense": 0,
      "sound": 1,
      "door": 0
    },
    {
      "c": [
        2396,
        3899,
        2697,
        3899
      ],
      "move": 1,
      "sense": 1,
      "sound": 1,
      "door": 0
    },
    {
      "c": [
        2396,
        3899,
        2396,
        3749
      ],
      "move": 1,
      "sense": 0,
      "sound": 1,
      "door": 0
    },
    {
      "c": [
        2396,
        3749,
        2396,
        3598
      ],
      "move": 1,
      "sense": 1,
      "sound": 1,
      "door": 0
    },
    {
      "c": [
        2396,
        3598,
        2396,
        3448
      ],
      "move": 1,
      "sense": 0,
      "sound": 1,
      "door": 0
    },
    {
      "c": [
        2396,
        3448,
        2396,
        3297
      ],
      "move": 1,
      "sense": 1,
      "sound": 1,
      "door": 1
    },
    {
      "c": [
        2396,
        3297,
        2396,
        3147
      ],
      "move": 1,
      "sense": 0,
      "sound": 1,
      "door": 0
    },
    {
      "c": [
        2396,
        3147,
        2396,
        2996
      ],
      "move": 1,
      "sense": 1,
      "sound": 1,
      "door": 0
    },
    {
      "c": [
        2396,
        2996,
        2547,
        2996
      ],
      "move": 1,
      "sense": 1,
      "sound": 1,
      "door": 0
    },
    {
      "c": [
        2547,
        1793,
        2396,
        1793
      ],
      "move": 1,
      "sense": 0,
      "sound": 1,
      "door": 0
    },
    {
      "c": [
        2396,
        589,
        2547,
        589
      ],
      "move": 1,
      "sense": 1,
      "sound": 1,
      "door": 0
    },
    {
      "c": [
        2547,
        4952,
        2697,
        4952
      ],
      "move": 1,
      "sense": 1,
      "sound": 1,
      "door": 1
    },
    {
      "c": [
        2697,
        4049,
        2547,
        4049
      ],
      "move": 1,
      "sense": 0,
      "sound": 1,
      "door": 0
    },
    {
      "c": [
        2697,
        2996,
        2547,
        2996
      ],
      "move": 1,
      "sense": 0,
      "sound": 1,
      "door": 0
    },
    {
      "c": [
        2547,
        2545,
        2547,
        2695
      ],
      "move": 1,
      "sense": 0,
      "sound": 1,
      "door": 0
    },
    {
      "c": [
        2697,
        2695,
        2547,
        2695
      ],
      "move": 1,
      "sense": 1,
      "sound": 1,
      "door": 1
    },
    {
      "c": [
        2547,
        2545,
        2547,
        2394
      ],
      "move": 1,
      "sense": 1,
      "sound": 1,
      "door": 0
    },
    {
      "c": [
        2547,
        2244,
        2547,
        2394
      ],
      "move": 1,
      "sense": 0,
      "sound": 1,
      "door": 0
    },
    {
      "c": [
        2547,
        2244,
        2547,
        2094
      ],
      "move": 1,
      "sense": 1,
      "sound": 1,
      "door": 0
    },
    {
      "c": [
        2547,
        2094,
        3299,
        2094
      ],
      "move": 1,
      "sense": 1,
      "sound": 1,
      "door": 0
    },
    {
      "c": [
        2547,
        1793,
        2697,
        1793
      ],
      "move": 1,
      "sense": 1,
      "sound": 1,
      "door": 0
    },
    {
      "c": [
        2547,
        589,
        2697,
        589
      ],
      "move": 1,
      "sense": 0,
      "sound": 1,
      "door": 0
    },
    {
      "c": [
        2697,
        7209,
        2848,
        7209
      ],
      "move": 1,
      "sense": 0,
      "sound": 1,
      "door": 0
    },
    {
      "c": [
        2697,
        4952,
        2998,
        4952
      ],
      "move": 1,
      "sense": 0,
      "sound": 1,
      "door": 0
    },
    {
      "c": [
        2697,
        4049,
        2697,
        3899
      ],
      "move": 1,
      "sense": 1,
      "sound": 1,
      "door": 0
    },
    {
      "c": [
        2697,
        4049,
        2998,
        4049
      ],
      "move": 1,
      "sense": 1,
      "sound": 1,
      "door": 0
    },
    {
      "c": [
        2697,
        3899,
        2848,
        3899
      ],
      "move": 1,
      "sense": 1,
      "sound": 1,
      "door": 0
    },
    {
      "c": [
        2697,
        2996,
        2848,
        2996
      ],
      "move": 1,
      "sense": 1,
      "sound": 1,
      "door": 0
    },
    {
      "c": [
        2697,
        2996,
        2697,
        2695
      ],
      "move": 1,
      "sense": 1,
      "sound": 1,
      "door": 0
    },
    {
      "c": [
        2697,
        2695,
        2848,
        2695
      ],
      "move": 1,
      "sense": 1,
      "sound": 1,
      "door": 1
    },
    {
      "c": [
        2697,
        1793,
        2697,
        589
      ],
      "move": 1,
      "sense": 1,
      "sound": 1,
      "door": 0
    },
    {
      "c": [
        2697,
        589,
        5255,
        589
      ],
      "move": 1,
      "sense": 1,
      "sound": 1,
      "door": 0
    },
    {
      "c": [
        2848,
        7209,
        2998,
        7209
      ],
      "move": 1,
      "sense": 1,
      "sound": 1,
      "door": 0
    },
    {
      "c": [
        2848,
        4049,
        2848,
        3899
      ],
      "move": 1,
      "sense": 1,
      "sound": 1,
      "door": 0
    },
    {
      "c": [
        2848,
        3899,
        3149,
        3899
      ],
      "move": 1,
      "sense": 1,
      "sound": 1,
      "door": 0
    },
    {
      "c": [
        2848,
        2996,
        2998,
        2996
      ],
      "move": 1,
      "sense": 1,
      "sound": 1,
      "door": 1
    },
    {
      "c": [
        2848,
        2695,
        2998,
        2695
      ],
      "move": 1,
      "sense": 1,
      "sound": 1,
      "door": 0
    },
    {
      "c": [
        2998,
        7209,
        3149,
        7209
      ],
      "move": 1,
      "sense": 0,
      "sound": 1,
      "door": 0
    },
    {
      "c": [
        2998,
        6156,
        3149,
        6156
      ],
      "move": 1,
      "sense": 1,
      "sound": 1,
      "door": 1
    },
    {
      "c": [
        2998,
        4952,
        5255,
        4952
      ],
      "move": 1,
      "sense": 1,
      "sound": 1,
      "door": 0
    },
    {
      "c": [
        2998,
        4049,
        3299,
        4049
      ],
      "move": 1,
      "sense": 0,
      "sound": 1,
      "door": 0
    },
    {
      "c": [
        2998,
        2996,
        3149,
        2996
      ],
      "move": 1,
      "sense": 1,
      "sound": 1,
      "door": 0
    },
    {
      "c": [
        2998,
        2996,
        2998,
        2695
      ],
      "move": 1,
      "sense": 1,
      "sound": 1,
      "door": 0
    },
    {
      "c": [
        2998,
        2695,
        3299,
        2695
      ],
      "move": 1,
      "sense": 1,
      "sound": 1,
      "door": 0
    },
    {
      "c": [
        3149,
        7209,
        3299,
        7209
      ],
      "move": 1,
      "sense": 1,
      "sound": 1,
      "door": 0
    },
    {
      "c": [
        3149,
        6156,
        3299,
        6156
      ],
      "move": 1,
      "sense": 1,
      "sound": 1,
      "door": 0
    },
    {
      "c": [
        3149,
        3749,
        3149,
        3899
      ],
      "move": 1,
      "sense": 0,
      "sound": 1,
      "door": 0
    },
    {
      "c": [
        3149,
        3749,
        3149,
        3448
      ],
      "move": 1,
      "sense": 1,
      "sound": 1,
      "door": 0
    },
    {
      "c": [
        3149,
        3448,
        3149,
        3147
      ],
      "move": 1,
      "sense": 0,
      "sound": 1,
      "door": 0
    },
    {
      "c": [
        3149,
        3147,
        3149,
        2996
      ],
      "move": 1,
      "sense": 1,
      "sound": 1,
      "door": 0
    },
    {
      "c": [
        3149,
        1793,
        3750,
        1793
      ],
      "move": 1,
      "sense": 1,
      "sound": 1,
      "door": 0
    },
    {
      "c": [
        3149,
        1793,
        3149,
        1341
      ],
      "move": 1,
      "sense": 1,
      "sound": 1,
      "door": 0
    },
    {
      "c": [
        3149,
        1040,
        3149,
        890
      ],
      "move": 1,
      "sense": 1,
      "sound": 1,
      "door": 0
    },
    {
      "c": [
        3149,
        890,
        4954,
        890
      ],
      "move": 1,
      "sense": 1,
      "sound": 1,
      "door": 0
    },
    {
      "c": [
        3299,
        7209,
        3299,
        6156
      ],
      "move": 1,
      "sense": 1,
      "sound": 1,
      "door": 0
    },
    {
      "c": [
        3299,
        7209,
        3450,
        7209
      ],
      "move": 1,
      "sense": 0,
      "sound": 1,
      "door": 0
    },
    {
      "c": [
        3299,
        6156,
        3450,
        6156
      ],
      "move": 1,
      "sense": 1,
      "sound": 1,
      "door": 1
    },
    {
      "c": [
        3299,
        4049,
        3600,
        4049
      ],
      "move": 1,
      "sense": 1,
      "sound": 1,
      "door": 0
    },
    {
      "c": [
        3299,
        2695,
        3299,
        2545
      ],
      "move": 1,
      "sense": 0,
      "sound": 1,
      "door": 0
    },
    {
      "c": [
        3299,
        2545,
        3299,
        2394
      ],
      "move": 1,
      "sense": 1,
      "sound": 1,
      "door": 0
    },
    {
      "c": [
        3299,
        2394,
        3299,
        2244
      ],
      "move": 1,
      "sense": 1,
      "sound": 1,
      "door": 1
    },
    {
      "c": [
        3299,
        2394,
        3600,
        2394
      ],
      "move": 1,
      "sense": 1,
      "sound": 1,
      "door": 0
    },
    {
      "c": [
        3299,
        2244,
        3299,
        2094
      ],
      "move": 1,
      "sense": 0,
      "sound": 1,
      "door": 0
    },
    {
      "c": [
        3299,
        2244,
        3600,
        2244
      ],
      "move": 1,
      "sense": 1,
      "sound": 1,
      "door": 0
    },
    {
      "c": [
        3300,
        1647,
        3300,
        1347
      ],
      "move": 1,
      "sense": 0,
      "sound": 1,
      "door": 0
    },
    {
      "c": [
        3300,
        1647,
        3600,
        1647
      ],
      "move": 1,
      "sense": 0,
      "sound": 1,
      "door": 0
    },
    {
      "c": [
        3300,
        1347,
        3600,
        1347
      ],
      "move": 1,
      "sense": 0,
      "sound": 1,
      "door": 0
    },
    {
      "c": [
        3450,
        7209,
        3600,
        7209
      ],
      "move": 1,
      "sense": 1,
      "sound": 1,
      "door": 0
    },
    {
      "c": [
        3450,
        6156,
        4051,
        6156
      ],
      "move": 1,
      "sense": 1,
      "sound": 1,
      "door": 0
    },
    {
      "c": [
        3600,
        7209,
        3750,
        7209
      ],
      "move": 1,
      "sense": 0,
      "sound": 1,
      "door": 0
    },
    {
      "c": [
        3600,
        4049,
        3901,
        4049
      ],
      "move": 1,
      "sense": 0,
      "sound": 1,
      "door": 0
    },
    {
      "c": [
        3600,
        2695,
        4051,
        2695
      ],
      "move": 1,
      "sense": 1,
      "sound": 1,
      "door": 0
    },
    {
      "c": [
        3600,
        2695,
        3600,
        2394
      ],
      "move": 1,
      "sense": 1,
      "sound": 1,
      "door": 0
    },
    {
      "c": [
        3600,
        2394,
        3600,
        2244
      ],
      "move": 1,
      "sense": 1,
      "sound": 1,
      "door": 1
    },
    {
      "c": [
        3600,
        2244,
        3600,
        2094
      ],
      "move": 1,
      "sense": 1,
      "sound": 1,
      "door": 0
    },
    {
      "c": [
        3600,
        2094,
        3750,
        2094
      ],
      "move": 1,
      "sense": 1,
      "sound": 1,
      "door": 0
    },
    {
      "c": [
        3600,
        1647,
        3600,
        1347
      ],
      "move": 1,
      "sense": 0,
      "sound": 1,
      "door": 0
    },
    {
      "c": [
        3750,
        7209,
        3901,
        7209
      ],
      "move": 1,
      "sense": 1,
      "sound": 1,
      "door": 0
    },
    {
      "c": [
        3750,
        3899,
        4352,
        3899
      ],
      "move": 1,
      "sense": 1,
      "sound": 1,
      "door": 0
    },
    {
      "c": [
        3750,
        3899,
        3750,
        2846
      ],
      "move": 1,
      "sense": 1,
      "sound": 1,
      "door": 0
    },
    {
      "c": [
        3750,
        2846,
        4051,
        2846
      ],
      "move": 1,
      "sense": 1,
      "sound": 1,
      "door": 0
    },
    {
      "c": [
        3750,
        2094,
        3750,
        1793
      ],
      "move": 1,
      "sense": 1,
      "sound": 1,
      "door": 0
    },
    {
      "c": [
        3750,
        2094,
        3901,
        2094
      ],
      "move": 1,
      "sense": 1,
      "sound": 1,
      "door": 0
    },
    {
      "c": [
        3750,
        1793,
        3901,
        1793
      ],
      "move": 1,
      "sense": 1,
      "sound": 1,
      "door": 0
    },
    {
      "c": [
        3901,
        7209,
        4051,
        7209
      ],
      "move": 1,
      "sense": 0,
      "sound": 1,
      "door": 0
    },
    {
      "c": [
        3901,
        4049,
        4202,
        4049
      ],
      "move": 1,
      "sense": 1,
      "sound": 1,
      "door": 0
    },
    {
      "c": [
        3901,
        2094,
        4051,
        2094
      ],
      "move": 1,
      "sense": 1,
      "sound": 1,
      "door": 1
    },
    {
      "c": [
        3901,
        1793,
        4051,
        1793
      ],
      "move": 1,
      "sense": 1,
      "sound": 1,
      "door": 1
    },
    {
      "c": [
        4051,
        7209,
        4352,
        7209
      ],
      "move": 1,
      "sense": 1,
      "sound": 1,
      "door": 0
    },
    {
      "c": [
        4051,
        7209,
        4051,
        6758
      ],
      "move": 1,
      "sense": 1,
      "sound": 1,
      "door": 0
    },
    {
      "c": [
        4051,
        6607,
        4051,
        6758
      ],
      "move": 1,
      "sense": 1,
      "sound": 1,
      "door": 1
    },
    {
      "c": [
        4051,
        6607,
        4051,
        6156
      ],
      "move": 1,
      "sense": 1,
      "sound": 1,
      "door": 0
    },
    {
      "c": [
        4051,
        6156,
        4503,
        6156
      ],
      "move": 1,
      "sense": 1,
      "sound": 1,
      "door": 0
    },
    {
      "c": [
        4051,
        2846,
        4051,
        2695
      ],
      "move": 1,
      "sense": 1,
      "sound": 1,
      "door": 0
    },
    {
      "c": [
        4051,
        2846,
        4202,
        2846
      ],
      "move": 1,
      "sense": 1,
      "sound": 1,
      "door": 1
    },
    {
      "c": [
        4051,
        2695,
        4202,
        2695
      ],
      "move": 1,
      "sense": 1,
      "sound": 1,
      "door": 1
    },
    {
      "c": [
        4051,
        2094,
        4051,
        1793
      ],
      "move": 1,
      "sense": 1,
      "sound": 1,
      "door": 0
    },
    {
      "c": [
        4051,
        2094,
        4352,
        2094
      ],
      "move": 1,
      "sense": 1,
      "sound": 1,
      "door": 0
    },
    {
      "c": [
        4051,
        1793,
        4954,
        1793
      ],
      "move": 1,
      "sense": 1,
      "sound": 1,
      "door": 0
    },
    {
      "c": [
        4352,
        4049,
        4202,
        4049
      ],
      "move": 1,
      "sense": 0,
      "sound": 1,
      "door": 0
    },
    {
      "c": [
        4202,
        2846,
        4202,
        2695
      ],
      "move": 1,
      "sense": 1,
      "sound": 1,
      "door": 0
    },
    {
      "c": [
        4202,
        2846,
        5105,
        2846
      ],
      "move": 1,
      "sense": 1,
      "sound": 1,
      "door": 0
    },
    {
      "c": [
        4202,
        2695,
        4352,
        2695
      ],
      "move": 1,
      "sense": 1,
      "sound": 1,
      "door": 0
    },
    {
      "c": [
        4352,
        7209,
        4503,
        7209
      ],
      "move": 1,
      "sense": 0,
      "sound": 1,
      "door": 0
    },
    {
      "c": [
        4352,
        4049,
        4653,
        4049
      ],
      "move": 1,
      "sense": 1,
      "sound": 1,
      "door": 0
    },
    {
      "c": [
        4352,
        3899,
        4503,
        3899
      ],
      "move": 1,
      "sense": 1,
      "sound": 1,
      "door": 1
    },
    {
      "c": [
        4352,
        2695,
        4352,
        2394
      ],
      "move": 1,
      "sense": 1,
      "sound": 1,
      "door": 0
    },
    {
      "c": [
        4352,
        2394,
        4653,
        2394
      ],
      "move": 1,
      "sense": 1,
      "sound": 1,
      "door": 0
    },
    {
      "c": [
        4352,
        2244,
        4352,
        2394
      ],
      "move": 1,
      "sense": 1,
      "sound": 1,
      "door": 1
    },
    {
      "c": [
        4352,
        2094,
        4352,
        2244
      ],
      "move": 1,
      "sense": 1,
      "sound": 1,
      "door": 0
    },
    {
      "c": [
        4352,
        2244,
        4653,
        2244
      ],
      "move": 1,
      "sense": 1,
      "sound": 1,
      "door": 0
    },
    {
      "c": [
        4503,
        7209,
        4653,
        7209
      ],
      "move": 1,
      "sense": 1,
      "sound": 1,
      "door": 0
    },
    {
      "c": [
        4503,
        6156,
        4653,
        6156
      ],
      "move": 1,
      "sense": 1,
      "sound": 1,
      "door": 1
    },
    {
      "c": [
        4503,
        3899,
        5105,
        3899
      ],
      "move": 1,
      "sense": 1,
      "sound": 1,
      "door": 0
    },
    {
      "c": [
        4653,
        7209,
        4804,
        7209
      ],
      "move": 1,
      "sense": 0,
      "sound": 1,
      "door": 0
    },
    {
      "c": [
        4653,
        6156,
        5255,
        6156
      ],
      "move": 1,
      "sense": 1,
      "sound": 1,
      "door": 0
    },
    {
      "c": [
        4653,
        4049,
        4954,
        4049
      ],
      "move": 1,
      "sense": 0,
      "sound": 1,
      "door": 0
    },
    {
      "c": [
        4804,
        2695,
        4653,
        2695
      ],
      "move": 1,
      "sense": 0,
      "sound": 1,
      "door": 0
    },
    {
      "c": [
        4653,
        2695,
        4653,
        2394
      ],
      "move": 1,
      "sense": 1,
      "sound": 1,
      "door": 0
    },
    {
      "c": [
        4653,
        2394,
        4653,
        2244
      ],
      "move": 1,
      "sense": 1,
      "sound": 1,
      "door": 1
    },
    {
      "c": [
        4653,
        2094,
        4653,
        2244
      ],
      "move": 1,
      "sense": 1,
      "sound": 1,
      "door": 0
    },
    {
      "c": [
        4653,
        2094,
        4804,
        2094
      ],
      "move": 1,
      "sense": 0,
      "sound": 1,
      "door": 0
    },
    {
      "c": [
        4804,
        7209,
        5105,
        7209
      ],
      "move": 1,
      "sense": 1,
      "sound": 1,
      "door": 0
    },
    {
      "c": [
        4804,
        2695,
        5105,
        2695
      ],
      "move": 1,
      "sense": 1,
      "sound": 1,
      "door": 0
    },
    {
      "c": [
        4804,
        2094,
        5105,
        2094
      ],
      "move": 1,
      "sense": 1,
      "sound": 1,
      "door": 0
    },
    {
      "c": [
        4954,
        4049,
        5105,
        4049
      ],
      "move": 1,
      "sense": 1,
      "sound": 1,
      "door": 0
    },
    {
      "c": [
        4954,
        1793,
        4954,
        890
      ],
      "move": 1,
      "sense": 1,
      "sound": 1,
      "door": 0
    },
    {
      "c": [
        5105,
        7209,
        5255,
        7209
      ],
      "move": 1,
      "sense": 0,
      "sound": 1,
      "door": 0
    },
    {
      "c": [
        5105,
        4049,
        5255,
        4049
      ],
      "move": 1,
      "sense": 1,
      "sound": 1,
      "door": 1
    },
    {
      "c": [
        5105,
        3899,
        5105,
        2846
      ],
      "move": 1,
      "sense": 1,
      "sound": 1,
      "door": 0
    },
    {
      "c": [
        5255,
        2695,
        5105,
        2695
      ],
      "move": 1,
      "sense": 0,
      "sound": 1,
      "door": 0
    },
    {
      "c": [
        5105,
        2094,
        5255,
        2094
      ],
      "move": 1,
      "sense": 0,
      "sound": 1,
      "door": 0
    },
    {
      "c": [
        5255,
        7209,
        5255,
        7059
      ],
      "move": 1,
      "sense": 0,
      "sound": 1,
      "door": 0
    },
    {
      "c": [
        5253,
        7205,
        6606,
        7205
      ],
      "move": 1,
      "sense": 0,
      "sound": 1,
      "door": 0
    },
    {
      "c": [
        5255,
        7059,
        5255,
        6758
      ],
      "move": 1,
      "sense": 1,
      "sound": 1,
      "door": 0
    },
    {
      "c": [
        5253,
        7055,
        6456,
        7055
      ],
      "move": 1,
      "sense": 0,
      "sound": 1,
      "door": 0
    },
    {
      "c": [
        5255,
        6758,
        5255,
        6607
      ],
      "move": 1,
      "sense": 1,
      "sound": 1,
      "door": 1
    },
    {
      "c": [
        5255,
        6607,
        5255,
        6306
      ],
      "move": 1,
      "sense": 1,
      "sound": 1,
      "door": 0
    },
    {
      "c": [
        5255,
        6306,
        5255,
        6156
      ],
      "move": 1,
      "sense": 0,
      "sound": 1,
      "door": 0
    },
    {
      "c": [
        5255,
        6156,
        5857,
        6156
      ],
      "move": 1,
      "sense": 1,
      "sound": 1,
      "door": 0
    },
    {
      "c": [
        5255,
        6156,
        5255,
        5103
      ],
      "move": 1,
      "sense": 1,
      "sound": 1,
      "door": 0
    },
    {
      "c": [
        5255,
        5103,
        5255,
        4952
      ],
      "move": 1,
      "sense": 1,
      "sound": 1,
      "door": 1
    },
    {
      "c": [
        5255,
        4952,
        5556,
        4952
      ],
      "move": 1,
      "sense": 1,
      "sound": 1,
      "door": 0
    },
    {
      "c": [
        5405,
        4049,
        5255,
        4049
      ],
      "move": 1,
      "sense": 0,
      "sound": 1,
      "door": 0
    },
    {
      "c": [
        5255,
        2695,
        5405,
        2695
      ],
      "move": 1,
      "sense": 1,
      "sound": 1,
      "door": 0
    },
    {
      "c": [
        5255,
        2094,
        5405,
        2094
      ],
      "move": 1,
      "sense": 1,
      "sound": 1,
      "door": 0
    },
    {
      "c": [
        5255,
        1040,
        5255,
        589
      ],
      "move": 1,
      "sense": 1,
      "sound": 1,
      "door": 0
    },
    {
      "c": [
        5255,
        1040,
        5706,
        1040
      ],
      "move": 1,
      "sense": 1,
      "sound": 1,
      "door": 0
    },
    {
      "c": [
        5254,
        592,
        6155,
        592
      ],
      "move": 1,
      "sense": 0,
      "sound": 1,
      "door": 0
    },
    {
      "c": [
        5405,
        4049,
        5556,
        4049
      ],
      "move": 1,
      "sense": 1,
      "sound": 1,
      "door": 0
    },
    {
      "c": [
        5405,
        2695,
        5405,
        2545
      ],
      "move": 1,
      "sense": 0,
      "sound": 1,
      "door": 0
    },
    {
      "c": [
        5405,
        2545,
        5405,
        2394
      ],
      "move": 1,
      "sense": 1,
      "sound": 1,
      "door": 0
    },
    {
      "c": [
        5405,
        2545,
        5556,
        2545
      ],
      "move": 1,
      "sense": 1,
      "sound": 1,
      "door": 1
    },
    {
      "c": [
        5405,
        2394,
        5556,
        2394
      ],
      "move": 1,
      "sense": 1,
      "sound": 1,
      "door": 0
    },
    {
      "c": [
        5405,
        2394,
        5405,
        2244
      ],
      "move": 1,
      "sense": 1,
      "sound": 1,
      "door": 1
    },
    {
      "c": [
        5405,
        2244,
        5405,
        2094
      ],
      "move": 1,
      "sense": 0,
      "sound": 1,
      "door": 0
    },
    {
      "c": [
        5405,
        1793,
        5405,
        1341
      ],
      "move": 1,
      "sense": 1,
      "sound": 1,
      "door": 0
    },
    {
      "c": [
        5706,
        1793,
        5405,
        1793
      ],
      "move": 1,
      "sense": 0,
      "sound": 1,
      "door": 0
    },
    {
      "c": [
        5405,
        1341,
        5706,
        1341
      ],
      "move": 1,
      "sense": 0,
      "sound": 1,
      "door": 0
    },
    {
      "c": [
        5556,
        4952,
        5706,
        4952
      ],
      "move": 1,
      "sense": 0,
      "sound": 1,
      "door": 0
    },
    {
      "c": [
        5556,
        4952,
        5556,
        4049
      ],
      "move": 1,
      "sense": 1,
      "sound": 1,
      "door": 0
    },
    {
      "c": [
        5556,
        4049,
        5556,
        3448
      ],
      "move": 1,
      "sense": 1,
      "sound": 1,
      "door": 0
    },
    {
      "c": [
        5554,
        3448,
        6456,
        3448
      ],
      "move": 1,
      "sense": 0,
      "sound": 1,
      "door": 0
    },
    {
      "c": [
        5556,
        3448,
        5556,
        2695
      ],
      "move": 1,
      "sense": 1,
      "sound": 1,
      "door": 0
    },
    {
      "c": [
        5556,
        2695,
        5556,
        2545
      ],
      "move": 1,
      "sense": 1,
      "sound": 1,
      "door": 1
    },
    {
      "c": [
        5556,
        2545,
        5556,
        2394
      ],
      "move": 1,
      "sense": 1,
      "sound": 1,
      "door": 0
    },
    {
      "c": [
        5556,
        2394,
        5556,
        2094
      ],
      "move": 1,
      "sense": 1,
      "sound": 1,
      "door": 0
    },
    {
      "c": [
        5556,
        2094,
        6158,
        2094
      ],
      "move": 1,
      "sense": 1,
      "sound": 1,
      "door": 0
    },
    {
      "c": [
        5706,
        4952,
        6158,
        4952
      ],
      "move": 1,
      "sense": 1,
      "sound": 1,
      "door": 0
    },
    {
      "c": [
        5706,
        1793,
        6007,
        1793
      ],
      "move": 1,
      "sense": 1,
      "sound": 1,
      "door": 0
    },
    {
      "c": [
        5706,
        1341,
        6007,
        1341
      ],
      "move": 1,
      "sense": 1,
      "sound": 1,
      "door": 1
    },
    {
      "c": [
        5706,
        1341,
        5706,
        1040
      ],
      "move": 1,
      "sense": 1,
      "sound": 1,
      "door": 0
    },
    {
      "c": [
        5706,
        1040,
        5857,
        1040
      ],
      "move": 1,
      "sense": 1,
      "sound": 1,
      "door": 1
    },
    {
      "c": [
        5857,
        6156,
        6007,
        6156
      ],
      "move": 1,
      "sense": 1,
      "sound": 1,
      "door": 1
    },
    {
      "c": [
        5857,
        1341,
        5857,
        1191
      ],
      "move": 1,
      "sense": 1,
      "sound": 1,
      "door": 0
    },
    {
      "c": [
        5857,
        1191,
        5857,
        1040
      ],
      "move": 1,
      "sense": 1,
      "sound": 1,
      "door": 0
    },
    {
      "c": [
        5857,
        1040,
        6158,
        1040
      ],
      "move": 1,
      "sense": 1,
      "sound": 1,
      "door": 0
    },
    {
      "c": [
        6007,
        6156,
        6459,
        6156
      ],
      "move": 1,
      "sense": 1,
      "sound": 1,
      "door": 0
    },
    {
      "c": [
        6007,
        1793,
        6007,
        1341
      ],
      "move": 1,
      "sense": 1,
      "sound": 1,
      "door": 0
    },
    {
      "c": [
        6158,
        4952,
        6308,
        4952
      ],
      "move": 1,
      "sense": 0,
      "sound": 1,
      "door": 0
    },
    {
      "c": [
        6155,
        2095,
        6305,
        2095
      ],
      "move": 1,
      "sense": 0,
      "sound": 1,
      "door": 0
    },
    {
      "c": [
        6158,
        2094,
        6158,
        1040
      ],
      "move": 1,
      "sense": 1,
      "sound": 1,
      "door": 0
    },
    {
      "c": [
        6155,
        1043,
        6155,
        893
      ],
      "move": 1,
      "sense": 0,
      "sound": 1,
      "door": 0
    },
    {
      "c": [
        6158,
        890,
        6158,
        739
      ],
      "move": 1,
      "sense": 1,
      "sound": 1,
      "door": 1
    },
    {
      "c": [
        6155,
        742,
        6155,
        592
      ],
      "move": 1,
      "sense": 0,
      "sound": 1,
      "door": 0
    },
    {
      "c": [
        6155,
        742,
        6456,
        742
      ],
      "move": 1,
      "sense": 0,
      "sound": 1,
      "door": 0
    },
    {
      "c": [
        6155,
        592,
        6606,
        592
      ],
      "move": 1,
      "sense": 0,
      "sound": 1,
      "door": 0
    },
    {
      "c": [
        6308,
        4952,
        6459,
        4952
      ],
      "move": 1,
      "sense": 1,
      "sound": 1,
      "door": 0
    },
    {
      "c": [
        6308,
        2094,
        6459,
        2094
      ],
      "move": 1,
      "sense": 1,
      "sound": 1,
      "door": 1
    },
    {
      "c": [
        6456,
        7055,
        6456,
        6153
      ],
      "move": 1,
      "sense": 0,
      "sound": 1,
      "door": 0
    },
    {
      "c": [
        6459,
        6156,
        6459,
        5855
      ],
      "move": 1,
      "sense": 1,
      "sound": 1,
      "door": 1
    },
    {
      "c": [
        6459,
        5855,
        6459,
        4952
      ],
      "move": 1,
      "sense": 1,
      "sound": 1,
      "door": 0
    },
    {
      "c": [
        6456,
        4951,
        6456,
        3448
      ],
      "move": 1,
      "sense": 0,
      "sound": 1,
      "door": 0
    },
    {
      "c": [
        6456,
        3448,
        6606,
        3448
      ],
      "move": 1,
      "sense": 0,
      "sound": 1,
      "door": 0
    },
    {
      "c": [
        6456,
        2095,
        6606,
        2095
      ],
      "move": 1,
      "sense": 0,
      "sound": 1,
      "door": 0
    },
    {
      "c": [
        6456,
        2095,
        6456,
        742
      ],
      "move": 1,
      "sense": 0,
      "sound": 1,
      "door": 0
    },
    {
      "c": [
        6606,
        7205,
        6606,
        3448
      ],
      "move": 1,
      "sense": 0,
      "sound": 1,
      "door": 0
    },
    {
      "c": [
        6606,
        3448,
        6606,
        2095
      ],
      "move": 1,
      "sense": 0,
      "sound": 1,
      "door": 0
    },
    {
      "c": [
        6606,
        2095,
        6606,
        592
      ],
      "move": 1,
      "sense": 0,
      "sound": 1,
      "door": 0
    },
    {
      "c": [
        597,
        6151,
        591,
        6156
      ],
      "move": 1,
      "sense": 1,
      "sound": 1,
      "door": 0
    },
    {
      "c": [
        747,
        6151,
        741,
        6156
      ],
      "move": 1,
      "sense": 1,
      "sound": 1,
      "door": 0
    },
    {
      "c": [
        597,
        3449,
        591,
        3448
      ],
      "move": 1,
      "sense": 1,
      "sound": 1,
      "door": 0
    },
    {
      "c": [
        747,
        3449,
        741,
        3448
      ],
      "move": 1,
      "sense": 1,
      "sound": 1,
      "door": 0
    },
    {
      "c": [
        897,
        6151,
        892,
        6156
      ],
      "move": 1,
      "sense": 1,
      "sound": 1,
      "door": 0
    },
    {
      "c": [
        1197,
        6151,
        1193,
        6156
      ],
      "move": 1,
      "sense": 1,
      "sound": 1,
      "door": 0
    },
    {
      "c": [
        1046,
        3298,
        1042,
        3297
      ],
      "move": 1,
      "sense": 1,
      "sound": 1,
      "door": 0
    },
    {
      "c": [
        1046,
        2847,
        1042,
        2846
      ],
      "move": 1,
      "sense": 1,
      "sound": 1,
      "door": 0
    },
    {
      "c": [
        1046,
        2697,
        1042,
        2695
      ],
      "move": 1,
      "sense": 1,
      "sound": 1,
      "door": 0
    },
    {
      "c": [
        1798,
        4950,
        1795,
        4952
      ],
      "move": 1,
      "sense": 1,
      "sound": 1,
      "door": 0
    },
    {
      "c": [
        1797,
        2096,
        1795,
        2094
      ],
      "move": 1,
      "sense": 1,
      "sound": 1,
      "door": 0
    },
    {
      "c": [
        1798,
        746,
        1795,
        739
      ],
      "move": 1,
      "sense": 1,
      "sound": 1,
      "door": 0
    },
    {
      "c": [
        1798,
        596,
        1795,
        589
      ],
      "move": 1,
      "sense": 1,
      "sound": 1,
      "door": 0
    },
    {
      "c": [
        2098,
        4950,
        2095,
        4952
      ],
      "move": 1,
      "sense": 1,
      "sound": 1,
      "door": 0
    },
    {
      "c": [
        2248,
        4950,
        2246,
        4952
      ],
      "move": 1,
      "sense": 1,
      "sound": 1,
      "door": 0
    },
    {
      "c": [
        2398,
        7205,
        2396,
        7209
      ],
      "move": 1,
      "sense": 1,
      "sound": 1,
      "door": 0
    },
    {
      "c": [
        2398,
        7055,
        2396,
        7059
      ],
      "move": 1,
      "sense": 1,
      "sound": 1,
      "door": 0
    },
    {
      "c": [
        2399,
        6151,
        2396,
        6156
      ],
      "move": 1,
      "sense": 1,
      "sound": 1,
      "door": 0
    },
    {
      "c": [
        2399,
        4950,
        2396,
        4952
      ],
      "move": 1,
      "sense": 1,
      "sound": 1,
      "door": 0
    },
    {
      "c": [
        5253,
        7205,
        5255,
        7209
      ],
      "move": 1,
      "sense": 0,
      "sound": 1,
      "door": 0
    },
    {
      "c": [
        5254,
        592,
        5255,
        589
      ],
      "move": 1,
      "sense": 1,
      "sound": 1,
      "door": 0
    },
    {
      "c": [
        5253,
        7055,
        5255,
        7059
      ],
      "move": 1,
      "sense": 1,
      "sound": 1,
      "door": 0
    },
    {
      "c": [
        5554,
        3448,
        5556,
        3448
      ],
      "move": 1,
      "sense": 1,
      "sound": 1,
      "door": 0
    },
    {
      "c": [
        6155,
        2095,
        6158,
        2094
      ],
      "move": 1,
      "sense": 1,
      "sound": 1,
      "door": 0
    },
    {
      "c": [
        6155,
        1043,
        6158,
        1040
      ],
      "move": 1,
      "sense": 1,
      "sound": 1,
      "door": 0
    },
    {
      "c": [
        6305,
        2095,
        6308,
        2094
      ],
      "move": 1,
      "sense": 1,
      "sound": 1,
      "door": 0
    },
    {
      "c": [
        6155,
        893,
        6158,
        890
      ],
      "move": 1,
      "sense": 1,
      "sound": 1,
      "door": 0
    },
    {
      "c": [
        6155,
        742,
        6158,
        739
      ],
      "move": 1,
      "sense": 1,
      "sound": 1,
      "door": 0
    },
    {
      "c": [
        6456,
        6153,
        6459,
        6156
      ],
      "move": 1,
      "sense": 1,
      "sound": 1,
      "door": 0
    },
    {
      "c": [
        6456,
        4951,
        6459,
        4952
      ],
      "move": 1,
      "sense": 1,
      "sound": 1,
      "door": 0
    },
    {
      "c": [
        6456,
        2095,
        6459,
        2094
      ],
      "move": 1,
      "sense": 1,
      "sound": 1,
      "door": 0
    },
    {
      "c": [
        6606,
        2095,
        6606,
        2095
      ],
      "move": 1,
      "sense": 0,
      "sound": 1,
      "door": 0
    },
    {
      "c": [
        4295,
        6996,
        4265,
        6996
      ],
      "move": 1,
      "sense": 2,
      "sound": 1,
      "door": 0
    },
    {
      "c": [
        4281,
        7003,
        4260,
        6981
      ],
      "move": 1,
      "sense": 2,
      "sound": 1,
      "door": 0
    },
    {
      "c": [
        4267,
        6998,
        4267,
        6968
      ],
      "move": 1,
      "sense": 2,
      "sound": 1,
      "door": 0
    },
    {
      "c": [
        4260,
        6984,
        4281,
        6963
      ],
      "move": 1,
      "sense": 2,
      "sound": 1,
      "door": 0
    },
    {
      "c": [
        4265,
        6970,
        4295,
        6970
      ],
      "move": 1,
      "sense": 2,
      "sound": 1,
      "door": 0
    },
    {
      "c": [
        4278,
        6963,
        4300,
        6984
      ],
      "move": 1,
      "sense": 2,
      "sound": 1,
      "door": 0
    },
    {
      "c": [
        4293,
        6968,
        4293,
        6998
      ],
      "move": 1,
      "sense": 2,
      "sound": 1,
      "door": 0
    },
    {
      "c": [
        4300,
        6981,
        4278,
        7003
      ],
      "move": 1,
      "sense": 2,
      "sound": 1,
      "door": 0
    },
    {
      "c": [
        4295,
        6545,
        4265,
        6545
      ],
      "move": 1,
      "sense": 2,
      "sound": 1,
      "door": 0
    },
    {
      "c": [
        4281,
        6551,
        4260,
        6530
      ],
      "move": 1,
      "sense": 2,
      "sound": 1,
      "door": 0
    },
    {
      "c": [
        4267,
        6547,
        4267,
        6517
      ],
      "move": 1,
      "sense": 2,
      "sound": 1,
      "door": 0
    },
    {
      "c": [
        4260,
        6533,
        4281,
        6512
      ],
      "move": 1,
      "sense": 2,
      "sound": 1,
      "door": 0
    },
    {
      "c": [
        4265,
        6519,
        4295,
        6519
      ],
      "move": 1,
      "sense": 2,
      "sound": 1,
      "door": 0
    },
    {
      "c": [
        4278,
        6512,
        4300,
        6533
      ],
      "move": 1,
      "sense": 2,
      "sound": 1,
      "door": 0
    },
    {
      "c": [
        4293,
        6517,
        4293,
        6547
      ],
      "move": 1,
      "sense": 2,
      "sound": 1,
      "door": 0
    },
    {
      "c": [
        4300,
        6530,
        4278,
        6551
      ],
      "move": 1,
      "sense": 2,
      "sound": 1,
      "door": 0
    },
    {
      "c": [
        4596,
        6996,
        4566,
        6996
      ],
      "move": 1,
      "sense": 2,
      "sound": 1,
      "door": 0
    },
    {
      "c": [
        4582,
        7003,
        4561,
        6981
      ],
      "move": 1,
      "sense": 2,
      "sound": 1,
      "door": 0
    },
    {
      "c": [
        4568,
        6998,
        4568,
        6968
      ],
      "move": 1,
      "sense": 2,
      "sound": 1,
      "door": 0
    },
    {
      "c": [
        4561,
        6984,
        4582,
        6963
      ],
      "move": 1,
      "sense": 2,
      "sound": 1,
      "door": 0
    },
    {
      "c": [
        4566,
        6970,
        4596,
        6970
      ],
      "move": 1,
      "sense": 2,
      "sound": 1,
      "door": 0
    },
    {
      "c": [
        4579,
        6963,
        4600,
        6984
      ],
      "move": 1,
      "sense": 2,
      "sound": 1,
      "door": 0
    },
    {
      "c": [
        4594,
        6968,
        4594,
        6998
      ],
      "move": 1,
      "sense": 2,
      "sound": 1,
      "door": 0
    },
    {
      "c": [
        4600,
        6981,
        4579,
        7003
      ],
      "move": 1,
      "sense": 2,
      "sound": 1,
      "door": 0
    },
    {
      "c": [
        4596,
        6545,
        4566,
        6545
      ],
      "move": 1,
      "sense": 2,
      "sound": 1,
      "door": 0
    },
    {
      "c": [
        4582,
        6551,
        4561,
        6530
      ],
      "move": 1,
      "sense": 2,
      "sound": 1,
      "door": 0
    },
    {
      "c": [
        4568,
        6547,
        4568,
        6517
      ],
      "move": 1,
      "sense": 2,
      "sound": 1,
      "door": 0
    },
    {
      "c": [
        4561,
        6533,
        4582,
        6512
      ],
      "move": 1,
      "sense": 2,
      "sound": 1,
      "door": 0
    },
    {
      "c": [
        4566,
        6519,
        4596,
        6519
      ],
      "move": 1,
      "sense": 2,
      "sound": 1,
      "door": 0
    },
    {
      "c": [
        4579,
        6512,
        4600,
        6533
      ],
      "move": 1,
      "sense": 2,
      "sound": 1,
      "door": 0
    },
    {
      "c": [
        4594,
        6517,
        4594,
        6547
      ],
      "move": 1,
      "sense": 2,
      "sound": 1,
      "door": 0
    },
    {
      "c": [
        4600,
        6530,
        4579,
        6551
      ],
      "move": 1,
      "sense": 2,
      "sound": 1,
      "door": 0
    },
    {
      "c": [
        4897,
        6996,
        4867,
        6996
      ],
      "move": 1,
      "sense": 2,
      "sound": 1,
      "door": 0
    },
    {
      "c": [
        4883,
        7003,
        4862,
        6981
      ],
      "move": 1,
      "sense": 2,
      "sound": 1,
      "door": 0
    },
    {
      "c": [
        4869,
        6998,
        4869,
        6968
      ],
      "move": 1,
      "sense": 2,
      "sound": 1,
      "door": 0
    },
    {
      "c": [
        4862,
        6984,
        4883,
        6963
      ],
      "move": 1,
      "sense": 2,
      "sound": 1,
      "door": 0
    },
    {
      "c": [
        4867,
        6970,
        4897,
        6970
      ],
      "move": 1,
      "sense": 2,
      "sound": 1,
      "door": 0
    },
    {
      "c": [
        4880,
        6963,
        4901,
        6984
      ],
      "move": 1,
      "sense": 2,
      "sound": 1,
      "door": 0
    },
    {
      "c": [
        4895,
        6968,
        4895,
        6998
      ],
      "move": 1,
      "sense": 2,
      "sound": 1,
      "door": 0
    },
    {
      "c": [
        4901,
        6981,
        4880,
        7003
      ],
      "move": 1,
      "sense": 2,
      "sound": 1,
      "door": 0
    },
    {
      "c": [
        4897,
        6545,
        4867,
        6545
      ],
      "move": 1,
      "sense": 2,
      "sound": 1,
      "door": 0
    },
    {
      "c": [
        4883,
        6551,
        4862,
        6530
      ],
      "move": 1,
      "sense": 2,
      "sound": 1,
      "door": 0
    },
    {
      "c": [
        4869,
        6547,
        4869,
        6517
      ],
      "move": 1,
      "sense": 2,
      "sound": 1,
      "door": 0
    },
    {
      "c": [
        4862,
        6533,
        4883,
        6512
      ],
      "move": 1,
      "sense": 2,
      "sound": 1,
      "door": 0
    },
    {
      "c": [
        4867,
        6519,
        4897,
        6519
      ],
      "move": 1,
      "sense": 2,
      "sound": 1,
      "door": 0
    },
    {
      "c": [
        4880,
        6512,
        4901,
        6533
      ],
      "move": 1,
      "sense": 2,
      "sound": 1,
      "door": 0
    },
    {
      "c": [
        4895,
        6517,
        4895,
        6547
      ],
      "move": 1,
      "sense": 2,
      "sound": 1,
      "door": 0
    },
    {
      "c": [
        4901,
        6530,
        4880,
        6551
      ],
      "move": 1,
      "sense": 2,
      "sound": 1,
      "door": 0
    }
  ],
  "img": null,
  "foreground": null
}