{
  "name": "RandomMansion001",
  "width": 6750,
  "height": 6750,
  "grid": 150,
  "shiftX": 0,
  "shiftY": 0,
  "gridDistance": 5.0,
  "gridUnits": "ft",
  "padding": 0.0,
  "gridColor": "#000000",
  "gridAlpha": 0.2,
  "globalLight": true,
  "darkness": 0.0,
  "lights": [
    {
      "x": 4173,
      "y": 671,
      "dim": 20.0,
      "bright": 10.0,
      "tintColor": "#FFAD40",
      "tintAlpha": 0.0
    },
    {
      "x": 3615,
      "y": 722,
      "dim": 50.0,
      "bright": 25.0,
      "tintColor": "#FFAD40",
      "tintAlpha": 0.0
    },
    {
      "x": 3528,
      "y": 1283,
      "dim": 20.0,
      "bright": 10.0,
      "tintColor": "#FFAD40",
      "tintAlpha": 0.0
    },
    {
      "x": 2463,
      "y": 1864,
      "dim": 20.0,
      "bright": 10.0,
      "tintColor": "#FFAD40",
      "tintAlpha": 0.0
    },
    {
      "x": 2923,
      "y": 1289,
      "dim": 20.0,
      "bright": 10.0,
      "tintColor": "#FFAD40",
      "tintAlpha": 0.0
    },
    {
      "x": 4082,
      "y": 1411,
      "dim": 20.0,
      "bright": 10.0,
      "tintColor": "#FFAD40",
      "tintAlpha": 0.0
    },
    {
      "x": 4000,
      "y": 2138,
      "dim": 4.02172,
      "bright": 2.01086,
      "tintColor": "#FF9400",
      "tintAlpha": 0.0
    },
    {
      "x": 3984,
      "y": 1823,
      "dim": 20.0,
      "bright": 10.0,
      "tintColor": "#FFAD40",
      "tintAlpha": 0.0
    },
    {
      "x": 4723,
      "y": 3419,
      "dim": 20.0,
      "bright": 10.0,
      "tintColor": "#FFAD40",
      "tintAlpha": 0.0
    },
    {
      "x": 5326,
      "y": 3419,
      "dim": 20.0,
      "bright": 10.0,
      "tintColor": "#FFAD40",
      "tintAlpha": 0.0
    },
    {
      "x": 4775,
      "y": 2558,
      "dim": 20.0,
      "bright": 10.0,
      "tintColor": "#FFAD40",
      "tintAlpha": 0.0
    },
    {
      "x": 4976,
      "y": 2558,
      "dim": 20.0,
      "bright": 10.0,
      "tintColor": "#FFAD40",
      "tintAlpha": 0.0
    },
    {
      "x": 4876,
      "y": 3674,
      "dim": 20.0,
      "bright": 10.0,
      "tintColor": "#FFAD40",
      "tintAlpha": 0.0
    },
    {
      "x": 4573,
      "y": 3720,
      "dim": 20.0,
      "bright": 10.0,
      "tintColor": "#FFAD40",
      "tintAlpha": 0.0
    },
    {
      "x": 3937,
      "y": 3672,
      "dim": 20.0,
      "bright": 10.0,
      "tintColor": "#FFB055",
      "tintAlpha": 0.0
    },
    {
      "x": 3820,
      "y": 4322,
      "dim": 20.0,
      "bright": 10.0,
      "tintColor": "#FFAD40",
      "tintAlpha": 0.0
    },
    {
      "x": 3879,
      "y": 4300,
      "dim": 20.0,
      "bright": 10.0,
      "tintColor": "#FFAD40",
      "tintAlpha": 0.0
    },
    {
      "x": 3369,
      "y": 2632,
      "dim": 20.0,
      "bright": 10.0,
      "tintColor": "#FFAD40",
      "tintAlpha": 0.0
    },
    {
      "x": 2227,
      "y": 2772,
      "dim": 20.0,
      "bright": 10.0,
      "tintColor": "#FFAD40",
      "tintAlpha": 0.0
    },
    {
      "x": 3415,
      "y": 4280,
      "dim": 20.0,
      "bright": 10.0,
      "tintColor": "#FFB055",
      "tintAlpha": 0.0
    },
    {
      "x": 2926,
      "y": 4322,
      "dim": 20.0,
      "bright": 10.0,
      "tintColor": "#FFAD40",
      "tintAlpha": 0.0
    },
    {
      "x": 3029,
      "y": 5023,
      "dim": 20.0,
      "bright": 10.0,
      "tintColor": "#FFAD40",
      "tintAlpha": 0.0
    },
    {
      "x": 3029,
      "y": 4572,
      "dim": 20.0,
      "bright": 10.0,
      "tintColor": "#FFAD40",
      "tintAlpha": 0.0
    },
    {
      "x": 3420,
      "y": 5488,
      "dim": 20.0,
      "bright": 10.0,
      "tintColor": "#FFAD40",
      "tintAlpha": 0.0
    },
    {
      "x": 2430,
      "y": 5481,
      "dim": 20.0,
      "bright": 10.0,
      "tintColor": "#FFC140",
      "tintAlpha": 0.0
    },
    {
      "x": 2430,
      "y": 4578,
      "dim": 20.0,
      "bright": 10.0,
      "tintColor": "#FFC140",
      "tintAlpha": 0.0
    },
    {
      "x": 2818,
      "y": 4886,
      "dim": 20.0,
      "bright": 10.0,
      "tintColor": "#FFAD40",
      "tintAlpha": 0.0
    },
    {
      "x": 3309,
      "y": 5959,
      "dim": 20.0,
      "bright": 10.0,
      "tintColor": "#FFAD40",
      "tintAlpha": 0.0
    },
    {
      "x": 3634,
      "y": 4879,
      "dim": 20.0,
      "bright": 10.0,
      "tintColor": "#FFC140",
      "tintAlpha": 0.0
    },
    {
      "x": 4019,
      "y": 4730,
      "dim": 20.0,
      "bright": 10.0,
      "tintColor": "#FFC140",
      "tintAlpha": 0.0
    },
    {
      "x": 3675,
      "y": 5524,
      "dim": 20.0,
      "bright": 10.0,
      "tintColor": "#FFC140",
      "tintAlpha": 0.0
    },
    {
      "x": 5442,
      "y": 3672,
      "dim": 20.0,
      "bright": 10.0,
      "tintColor": "#FFB055",
      "tintAlpha": 0.0
    },
    {
      "x": 4121,
      "y": 4322,
      "dim": 20.0,
      "bright": 10.0,
      "tintColor": "#FFAD40",
      "tintAlpha": 0.0
    },
    {
      "x": 2128,
      "y": 3524,
      "dim": 20.0,
      "bright": 10.0,
      "tintColor": "#FFC140",
      "tintAlpha": 0.0
    },
    {
      "x": 3179,
      "y": 1260,
      "dim": 20.0,
      "bright": 10.0,
      "tintColor": "#FFAD40",
      "tintAlpha": 0.0
    },
    {
      "x": 4021,
      "y": 1602,
      "dim": 20.0,
      "bright": 10.0,
      "tintColor": "#FFAD40",
      "tintAlpha": 0.0
    },
    {
      "x": 3937,
      "y": 3070,
      "dim": 20.0,
      "bright": 10.0,
      "tintColor": "#FFB055",
      "tintAlpha": 0.0
    },
    {
      "x": 4318,
      "y": 3076,
      "dim": 20.0,
      "bright": 10.0,
      "tintColor": "#FFB055",
      "tintAlpha": 0.0
    },
    {
      "x": 3073,
      "y": 6126,
      "dim": 20.0,
      "bright": 10.0,
      "tintColor": "#FFC140",
      "tintAlpha": 0.0
    },
    {
      "x": 5227,
      "y": 3982,
      "dim": 20.0,
      "bright": 10.0,
      "tintColor": "#FFAD40",
      "tintAlpha": 0.0
    },
    {
      "x": 5517,
      "y": 2974,
      "dim": 20.0,
      "bright": 10.0,
      "tintColor": "#FFAD40",
      "tintAlpha": 0.0
    },
    {
      "x": 5525,
      "y": 2622,
      "dim": 20.0,
      "bright": 10.0,
      "tintColor": "#FFC140",
      "tintAlpha": 0.0
    },
    {
      "x": 5741,
      "y": 3975,
      "dim": 20.0,
      "bright": 10.0,
      "tintColor": "#FFC140",
      "tintAlpha": 0.0
    },
    {
      "x": 5762,
      "y": 2922,
      "dim": 20.0,
      "bright": 10.0,
      "tintColor": "#FFAD40",
      "tintAlpha": 0.0
    },
    {
      "x": 6107,
      "y": 2922,
      "dim": 20.0,
      "bright": 10.0,
      "tintColor": "#FFAD40",
      "tintAlpha": 0.0
    },
    {
      "x": 3415,
      "y": 3678,
      "dim": 20.0,
      "bright": 10.0,
      "tintColor": "#FFB055",
      "tintAlpha": 0.0
    }
  ],
  "walls": [
    {
      "c": [
        590,
        3750,
        590,
        3299
      ],
      "move": 1,
      "sense": 1,
      "sound": 1,
      "door": 0
    },
    {
      "c": [
        590,
        3750,
        741,
        3750
      ],
      "move": 1,
      "sense": 1,
      "sound": 1,
      "door": 0
    },
    {
      "c": [
        590,
        3299,
        1343,
        3299
      ],
      "move": 1,
      "sense": 1,
      "sound": 1,
      "door": 0
    },
    {
      "c": [
        741,
        4352,
        741,
        3901
      ],
      "move": 1,
      "sense": 1,
      "sound": 1,
      "door": 0
    },
    {
      "c": [
        741,
        4352,
        891,
        4352
      ],
      "move": 1,
      "sense": 1,
      "sound": 1,
      "door": 0
    },
    {
      "c": [
        741,
        3901,
        741,
        3750
      ],
      "move": 1,
      "sense": 0,
      "sound": 1,
      "door": 0
    },
    {
      "c": [
        741,
        3750,
        891,
        3750
      ],
      "move": 1,
      "sense": 1,
      "sound": 1,
      "door": 1
    },
    {
      "c": [
        741,
        3148,
        741,
        2396
      ],
      "move": 1,
      "sense": 1,
      "sound": 1,
      "door": 0
    },
    {
      "c": [
        741,
        3148,
        1343,
        3148
      ],
      "move": 1,
      "sense": 1,
      "sound": 1,
      "door": 0
    },
    {
      "c": [
        741,
        2396,
        891,
        2396
      ],
      "move": 1,
      "sense": 1,
      "sound": 1,
      "door": 0
    },
    {
      "c": [
        891,
        4352,
        1042,
        4352
      ],
      "move": 1,
      "sense": 0,
      "sound": 1,
      "door": 0
    },
    {
      "c": [
        891,
        4202,
        891,
        3750
      ],
      "move": 1,
      "sense": 1,
      "sound": 1,
      "door": 0
    },
    {
      "c": [
        891,
        4202,
        2698,
        4202
      ],
      "move": 1,
      "sense": 1,
      "sound": 1,
      "door": 0
    },
    {
      "c": [
        891,
        3750,
        1042,
        3750
      ],
      "move": 1,
      "sense": 1,
      "sound": 1,
      "door": 0
    },
    {
      "c": [
        891,
        2396,
        1042,
        2396
      ],
      "move": 1,
      "sense": 0,
      "sound": 1,
      "door": 0
    },
    {
      "c": [
        1042,
        4352,
        1493,
        4352
      ],
      "move": 1,
      "sense": 1,
      "sound": 1,
      "door": 0
    },
    {
      "c": [
        1042,
        3750,
        1343,
        3750
      ],
      "move": 1,
      "sense": 0,
      "sound": 1,
      "door": 0
    },
    {
      "c": [
        1042,
        2396,
        1192,
        2396
      ],
      "move": 1,
      "sense": 1,
      "sound": 1,
      "door": 0
    },
    {
      "c": [
        1192,
        2396,
        1343,
        2396
      ],
      "move": 1,
      "sense": 0,
      "sound": 1,
      "door": 0
    },
    {
      "c": [
        1343,
        3750,
        1493,
        3750
      ],
      "move": 1,
      "sense": 1,
      "sound": 1,
      "door": 0
    },
    {
      "c": [
        1343,
        3299,
        1343,
        3148
      ],
      "move": 1,
      "sense": 1,
      "sound": 1,
      "door": 0
    },
    {
      "c": [
        1343,
        3148,
        1493,
        3148
      ],
      "move": 1,
      "sense": 1,
      "sound": 1,
      "door": 1
    },
    {
      "c": [
        1343,
        2396,
        1493,
        2396
      ],
      "move": 1,
      "sense": 1,
      "sound": 1,
      "door": 0
    },
    {
      "c": [
        1493,
        4352,
        1644,
        4352
      ],
      "move": 1,
      "sense": 0,
      "sound": 1,
      "door": 0
    },
    {
      "c": [
        1493,
        3750,
        1493,
        3449
      ],
      "move": 1,
      "sense": 1,
      "sound": 1,
      "door": 0
    },
    {
      "c": [
        1493,
        3449,
        2096,
        3449
      ],
      "move": 1,
      "sense": 1,
      "sound": 1,
      "door": 0
    },
    {
      "c": [
        1493,
        3449,
        1493,
        3299
      ],
      "move": 1,
      "sense": 1,
      "sound": 1,
      "door": 1
    },
    {
      "c": [
        1493,
        3299,
        2096,
        3299
      ],
      "move": 1,
      "sense": 1,
      "sound": 1,
      "door": 0
    },
    {
      "c": [
        1493,
        3299,
        1493,
        3148
      ],
      "move": 1,
      "sense": 1,
      "sound": 1,
      "door": 0
    },
    {
      "c": [
        1493,
        3148,
        1493,
        2546
      ],
      "move": 1,
      "sense": 1,
      "sound": 1,
      "door": 0
    },
    {
      "c": [
        1493,
        2546,
        1644,
        2546
      ],
      "move": 1,
      "sense": 1,
      "sound": 1,
      "door": 0
    },
    {
      "c": [
        1493,
        2546,
        1493,
        2396
      ],
      "move": 1,
      "sense": 1,
      "sound": 1,
      "door": 1
    },
    {
      "c": [
        1493,
        2396,
        1794,
        2396
      ],
      "move": 1,
      "sense": 1,
      "sound": 1,
      "door": 0
    },
    {
      "c": [
        1644,
        4352,
        2096,
        4352
      ],
      "move": 1,
      "sense": 1,
      "sound": 1,
      "door": 0
    },
    {
      "c": [
        1644,
        3148,
        2096,
        3148
      ],
      "move": 1,
      "sense": 1,
      "sound": 1,
      "door": 0
    },
    {
      "c": [
        1644,
        3148,
        1644,
        2546
      ],
      "move": 1,
      "sense": 1,
      "sound": 1,
      "door": 0
    },
    {
      "c": [
        1794,
        2396,
        1945,
        2396
      ],
      "move": 1,
      "sense": 0,
      "sound": 1,
      "door": 0
    },
    {
      "c": [
        1945,
        2396,
        2397,
        2396
      ],
      "move": 1,
      "sense": 1,
      "sound": 1,
      "door": 0
    },
    {
      "c": [
        2096,
        4352,
        2246,
        4352
      ],
      "move": 1,
      "sense": 0,
      "sound": 1,
      "door": 0
    },
    {
      "c": [
        2096,
        3750,
        2096,
        3449
      ],
      "move": 1,
      "sense": 1,
      "sound": 1,
      "door": 0
    },
    {
      "c": [
        2096,
        3750,
        2547,
        3750
      ],
      "move": 1,
      "sense": 1,
      "sound": 1,
      "door": 0
    },
    {
      "c": [
        2096,
        3299,
        2096,
        3148
      ],
      "move": 1,
      "sense": 1,
      "sound": 1,
      "door": 0
    },
    {
      "c": [
        2246,
        3148,
        2096,
        3148
      ],
      "move": 1,
      "sense": 1,
      "sound": 1,
      "door": 1
    },
    {
      "c": [
        2096,
        1342,
        2096,
        890
      ],
      "move": 1,
      "sense": 1,
      "sound": 1,
      "door": 0
    },
    {
      "c": [
        2096,
        1342,
        2246,
        1342
      ],
      "move": 1,
      "sense": 0,
      "sound": 1,
      "door": 0
    },
    {
      "c": [
        2096,
        890,
        2246,
        890
      ],
      "move": 1,
      "sense": 0,
      "sound": 1,
      "door": 0
    },
    {
      "c": [
        2246,
        4352,
        2999,
        4352
      ],
      "move": 1,
      "sense": 1,
      "sound": 1,
      "door": 0
    },
    {
      "c": [
        2246,
        3600,
        2547,
        3600
      ],
      "move": 1,
      "sense": 1,
      "sound": 1,
      "door": 0
    },
    {
      "c": [
        2246,
        3600,
        2246,
        3148
      ],
      "move": 1,
      "sense": 1,
      "sound": 1,
      "door": 0
    },
    {
      "c": [
        2246,
        3148,
        2547,
        3148
      ],
      "move": 1,
      "sense": 1,
      "sound": 1,
      "door": 0
    },
    {
      "c": [
        2246,
        1944,
        2246,
        1793
      ],
      "move": 1,
      "sense": 0,
      "sound": 1,
      "door": 0
    },
    {
      "c": [
        2246,
        1944,
        2397,
        1944
      ],
      "move": 1,
      "sense": 0,
      "sound": 1,
      "door": 0
    },
    {
      "c": [
        2246,
        1793,
        2246,
        1492
      ],
      "move": 1,
      "sense": 1,
      "sound": 1,
      "door": 0
    },
    {
      "c": [
        2246,
        1492,
        2246,
        1342
      ],
      "move": 1,
      "sense": 1,
      "sound": 1,
      "door": 1
    },
    {
      "c": [
        2246,
        1342,
        2397,
        1342
      ],
      "move": 1,
      "sense": 1,
      "sound": 1,
      "door": 1
    },
    {
      "c": [
        2246,
        890,
        2547,
        890
      ],
      "move": 1,
      "sense": 1,
      "sound": 1,
      "door": 0
    },
    {
      "c": [
        2397,
        6159,
        3450,
        6159
      ],
      "move": 1,
      "sense": 1,
      "sound": 1,
      "door": 0
    },
    {
      "c": [
        2397,
        6159,
        2397,
        5707
      ],
      "move": 1,
      "sense": 0,
      "sound": 1,
      "door": 0
    },
    {
      "c": [
        2397,
        5707,
        3300,
        5707
      ],
      "move": 1,
      "sense": 1,
      "sound": 1,
      "door": 0
    },
    {
      "c": [
        2397,
        5557,
        2397,
        4503
      ],
      "move": 1,
      "sense": 1,
      "sound": 1,
      "door": 0
    },
    {
      "c": [
        2397,
        5557,
        2999,
        5557
      ],
      "move": 1,
      "sense": 1,
      "sound": 1,
      "door": 0
    },
    {
      "c": [
        2397,
        4503,
        2848,
        4503
      ],
      "move": 1,
      "sense": 1,
      "sound": 1,
      "door": 0
    },
    {
      "c": [
        2397,
        2396,
        2547,
        2396
      ],
      "move": 1,
      "sense": 0,
      "sound": 1,
      "door": 0
    },
    {
      "c": [
        2397,
        1944,
        2698,
        1944
      ],
      "move": 1,
      "sense": 1,
      "sound": 1,
      "door": 0
    },
    {
      "c": [
        2397,
        1492,
        2397,
        1342
      ],
      "move": 1,
      "sense": 1,
      "sound": 1,
      "door": 0
    },
    {
      "c": [
        2397,
        1492,
        3751,
        1492
      ],
      "move": 1,
      "sense": 1,
      "sound": 1,
      "door": 0
    },
    {
      "c": [
        2397,
        1342,
        3300,
        1342
      ],
      "move": 1,
      "sense": 1,
      "sound": 1,
      "door": 0
    },
    {
      "c": [
        2547,
        4202,
        2547,
        4051
      ],
      "move": 1,
      "sense": 1,
      "sound": 1,
      "door": 0
    },
    {
      "c": [
        2547,
        4051,
        2547,
        3750
      ],
      "move": 1,
      "sense": 1,
      "sound": 1,
      "door": 0
    },
    {
      "c": [
        2547,
        3750,
        2547,
        3600
      ],
      "move": 1,
      "sense": 1,
      "sound": 1,
      "door": 1
    },
    {
      "c": [
        2547,
        3600,
        3300,
        3600
      ],
      "move": 1,
      "sense": 1,
      "sound": 1,
      "door": 0
    },
    {
      "c": [
        2547,
        3449,
        3300,
        3449
      ],
      "move": 1,
      "sense": 1,
      "sound": 1,
      "door": 0
    },
    {
      "c": [
        2547,
        3449,
        2547,
        3148
      ],
      "move": 1,
      "sense": 1,
      "sound": 1,
      "door": 0
    },
    {
      "c": [
        2547,
        3148,
        2698,
        3148
      ],
      "move": 1,
      "sense": 1,
      "sound": 1,
      "door": 1
    },
    {
      "c": [
        2547,
        2396,
        2698,
        2396
      ],
      "move": 1,
      "sense": 1,
      "sound": 1,
      "door": 0
    },
    {
      "c": [
        2547,
        890,
        2698,
        890
      ],
      "move": 1,
      "sense": 0,
      "sound": 1,
      "door": 0
    },
    {
      "c": [
        2698,
        3299,
        2698,
        3148
      ],
      "move": 1,
      "sense": 1,
      "sound": 1,
      "door": 0
    },
    {
      "c": [
        2698,
        3299,
        2848,
        3299
      ],
      "move": 1,
      "sense": 1,
      "sound": 1,
      "door": 0
    },
    {
      "c": [
        2698,
        3148,
        2698,
        2998
      ],
      "move": 1,
      "sense": 1,
      "sound": 1,
      "door": 0
    },
    {
      "c": [
        2698,
        2998,
        2848,
        2998
      ],
      "move": 1,
      "sense": 1,
      "sound": 1,
      "door": 0
    },
    {
      "c": [
        2698,
        2998,
        2698,
        2847
      ],
      "move": 1,
      "sense": 1,
      "sound": 1,
      "door": 1
    },
    {
      "c": [
        2698,
        2847,
        2698,
        2396
      ],
      "move": 1,
      "sense": 1,
      "sound": 1,
      "door": 0
    },
    {
      "c": [
        2698,
        2847,
        2848,
        2847
      ],
      "move": 1,
      "sense": 1,
      "sound": 1,
      "door": 0
    },
    {
      "c": [
        2698,
        1944,
        2698,
        1643
      ],
      "move": 1,
      "sense": 1,
      "sound": 1,
      "door": 0
    },
    {
      "c": [
        2698,
        1643,
        2848,
        1643
      ],
      "move": 1,
      "sense": 0,
      "sound": 1,
      "door": 0
    },
    {
      "c": [
        2698,
        890,
        3149,
        890
      ],
      "move": 1,
      "sense": 1,
      "sound": 1,
      "door": 0
    },
    {
      "c": [
        2698,
        740,
        2698,
        589
      ],
      "move": 1,
      "sense": 1,
      "sound": 1,
      "door": 0
    },
    {
      "c": [
        2698,
        740,
        3149,
        740
      ],
      "move": 1,
      "sense": 1,
      "sound": 1,
      "door": 0
    },
    {
      "c": [
        2698,
        589,
        3149,
        589
      ],
      "move": 1,
      "sense": 1,
      "sound": 1,
      "door": 0
    },
    {
      "c": [
        2848,
        5557,
        2848,
        5406
      ],
      "move": 1,
      "sense": 1,
      "sound": 1,
      "door": 1
    },
    {
      "c": [
        2848,
        5406,
        2999,
        5406
      ],
      "move": 1,
      "sense": 1,
      "sound": 1,
      "door": 0
    },
    {
      "c": [
        2848,
        5406,
        2848,
        5105
      ],
      "move": 1,
      "sense": 1,
      "sound": 1,
      "door": 0
    },
    {
      "c": [
        2848,
        5105,
        2848,
        4955
      ],
      "move": 1,
      "sense": 0,
      "sound": 1,
      "door": 0
    },
    {
      "c": [
        2848,
        4955,
        2848,
        4503
      ],
      "move": 1,
      "sense": 1,
      "sound": 1,
      "door": 0
    },
    {
      "c": [
        2848,
        3299,
        2848,
        2998
      ],
      "move": 1,
      "sense": 1,
      "sound": 1,
      "door": 0
    },
    {
      "c": [
        2848,
        2998,
        2848,
        2847
      ],
      "move": 1,
      "sense": 1,
      "sound": 1,
      "door": 1
    },
    {
      "c": [
        2848,
        2847,
        2848,
        2396
      ],
      "move": 1,
      "sense": 1,
      "sound": 1,
      "door": 0
    },
    {
      "c": [
        2848,
        2396,
        2999,
        2396
      ],
      "move": 1,
      "sense": 1,
      "sound": 1,
      "door": 1
    },
    {
      "c": [
        2848,
        2396,
        2848,
        2245
      ],
      "move": 1,
      "sense": 0,
      "sound": 1,
      "door": 0
    },
    {
      "c": [
        2848,
        2245,
        2848,
        1944
      ],
      "move": 1,
      "sense": 1,
      "sound": 1,
      "door": 0
    },
    {
      "c": [
        2848,
        1944,
        2848,
        1793
      ],
      "move": 1,
      "sense": 0,
      "sound": 1,
      "door": 0
    },
    {
      "c": [
        2848,
        1793,
        2848,
        1643
      ],
      "move": 1,
      "sense": 1,
      "sound": 1,
      "door": 0
    },
    {
      "c": [
        2999,
        5557,
        3300,
        5557
      ],
      "move": 1,
      "sense": 1,
      "sound": 1,
      "door": 0
    },
    {
      "c": [
        2999,
        5406,
        2999,
        5256
      ],
      "move": 1,
      "sense": 0,
      "sound": 1,
      "door": 0
    },
    {
      "c": [
        2999,
        5256,
        2999,
        4352
      ],
      "move": 1,
      "sense": 1,
      "sound": 1,
      "door": 0
    },
    {
      "c": [
        2999,
        5256,
        3149,
        5256
      ],
      "move": 1,
      "sense": 1,
      "sound": 1,
      "door": 1
    },
    {
      "c": [
        2999,
        4352,
        3149,
        4352
      ],
      "move": 1,
      "sense": 1,
      "sound": 1,
      "door": 1
    },
    {
      "c": [
        2999,
        2546,
        2999,
        2396
      ],
      "move": 1,
      "sense": 1,
      "sound": 1,
      "door": 0
    },
    {
      "c": [
        2999,
        2546,
        3450,
        2546
      ],
      "move": 1,
      "sense": 1,
      "sound": 1,
      "door": 0
    },
    {
      "c": [
        2999,
        2396,
        3751,
        2396
      ],
      "move": 1,
      "sense": 1,
      "sound": 1,
      "door": 0
    },
    {
      "c": [
        3149,
        5406,
        3149,
        5256
      ],
      "move": 1,
      "sense": 1,
      "sound": 1,
      "door": 0
    },
    {
      "c": [
        3149,
        5406,
        3450,
        5406
      ],
      "move": 1,
      "sense": 1,
      "sound": 1,
      "door": 0
    },
    {
      "c": [
        3149,
        5256,
        3300,
        5256
      ],
      "move": 1,
      "sense": 1,
      "sound": 1,
      "door": 0
    },
    {
      "c": [
        3149,
        4503,
        3149,
        4352
      ],
      "move": 1,
      "sense": 1,
      "sound": 1,
      "door": 0
    },
    {
      "c": [
        3149,
        4503,
        3450,
        4503
      ],
      "move": 1,
      "sense": 1,
      "sound": 1,
      "door": 0
    },
    {
      "c": [
        3149,
        4352,
        3450,
        4352
      ],
      "move": 1,
      "sense": 1,
      "sound": 1,
      "door": 0
    },
    {
      "c": [
        3149,
        1342,
        3149,
        1191
      ],
      "move": 1,
      "sense": 1,
      "sound": 1,
      "door": 0
    },
    {
      "c": [
        3149,
        1191,
        3149,
        1041
      ],
      "move": 1,
      "sense": 1,
      "sound": 1,
      "door": 0
    },
    {
      "c": [
        3149,
        890,
        3149,
        1041
      ],
      "move": 1,
      "sense": 1,
      "sound": 1,
      "door": 1
    },
    {
      "c": [
        3149,
        890,
        3149,
        740
      ],
      "move": 1,
      "sense": 1,
      "sound": 1,
      "door": 0
    },
    {
      "c": [
        3149,
        740,
        3149,
        589
      ],
      "move": 1,
      "sense": 1,
      "sound": 1,
      "door": 1
    },
    {
      "c": [
        3149,
        589,
        3300,
        589
      ],
      "move": 1,
      "sense": 1,
      "sound": 1,
      "door": 0
    },
    {
      "c": [
        3300,
        5707,
        3300,
        5557
      ],
      "move": 1,
      "sense": 1,
      "sound": 1,
      "door": 0
    },
    {
      "c": [
        3300,
        5707,
        3450,
        5707
      ],
      "move": 1,
      "sense": 1,
      "sound": 1,
      "door": 1
    },
    {
      "c": [
        3300,
        5256,
        3450,
        5256
      ],
      "move": 1,
      "sense": 0,
      "sound": 1,
      "door": 0
    },
    {
      "c": [
        3300,
        3600,
        3300,
        3449
      ],
      "move": 1,
      "sense": 1,
      "sound": 1,
      "door": 0
    },
    {
      "c": [
        3300,
        3449,
        3450,
        3449
      ],
      "move": 1,
      "sense": 1,
      "sound": 1,
      "door": 1
    },
    {
      "c": [
        3300,
        1342,
        4052,
        1342
      ],
      "move": 1,
      "sense": 1,
      "sound": 1,
      "door": 0
    },
    {
      "c": [
        3300,
        589,
        3450,
        589
      ],
      "move": 1,
      "sense": 0,
      "sound": 1,
      "door": 0
    },
    {
      "c": [
        3450,
        6159,
        3450,
        5707
      ],
      "move": 1,
      "sense": 1,
      "sound": 1,
      "door": 0
    },
    {
      "c": [
        3450,
        5858,
        3601,
        5858
      ],
      "move": 1,
      "sense": 1,
      "sound": 1,
      "door": 0
    },
    {
      "c": [
        3450,
        5707,
        3450,
        5406
      ],
      "move": 1,
      "sense": 1,
      "sound": 1,
      "door": 0
    },
    {
      "c": [
        3450,
        5707,
        4203,
        5707
      ],
      "move": 1,
      "sense": 1,
      "sound": 1,
      "door": 0
    },
    {
      "c": [
        3450,
        5256,
        3450,
        4653
      ],
      "move": 1,
      "sense": 1,
      "sound": 1,
      "door": 0
    },
    {
      "c": [
        3450,
        4653,
        3601,
        4653
      ],
      "move": 1,
      "sense": 1,
      "sound": 1,
      "door": 0
    },
    {
      "c": [
        3450,
        4653,
        3450,
        4503
      ],
      "move": 1,
      "sense": 1,
      "sound": 1,
      "door": 1
    },
    {
      "c": [
        3450,
        4503,
        3902,
        4503
      ],
      "move": 1,
      "sense": 1,
      "sound": 1,
      "door": 0
    },
    {
      "c": [
        3450,
        4352,
        3450,
        3449
      ],
      "move": 1,
      "sense": 1,
      "sound": 1,
      "door": 0
    },
    {
      "c": [
        3450,
        3449,
        3450,
        2998
      ],
      "move": 1,
      "sense": 1,
      "sound": 1,
      "door": 0
    },
    {
      "c": [
        3450,
        2998,
        3450,
        2847
      ],
      "move": 1,
      "sense": 1,
      "sound": 1,
      "door": 1
    },
    {
      "c": [
        3450,
        2998,
        3601,
        2998
      ],
      "move": 1,
      "sense": 1,
      "sound": 1,
      "door": 0
    },
    {
      "c": [
        3450,
        2847,
        3450,
        2546
      ],
      "move": 1,
      "sense": 1,
      "sound": 1,
      "door": 0
    },
    {
      "c": [
        3450,
        2847,
        3601,
        2847
      ],
      "move": 1,
      "sense": 1,
      "sound": 1,
      "door": 0
    },
    {
      "c": [
        3450,
        589,
        3902,
        589
      ],
      "move": 1,
      "sense": 1,
      "sound": 1,
      "door": 0
    },
    {
      "c": [
        3601,
        6159,
        3601,
        6008
      ],
      "move": 1,
      "sense": 1,
      "sound": 1,
      "door": 0
    },
    {
      "c": [
        3601,
        6159,
        4052,
        6159
      ],
      "move": 1,
      "sense": 1,
      "sound": 1,
      "door": 0
    },
    {
      "c": [
        3601,
        6008,
        4203,
        6008
      ],
      "move": 1,
      "sense": 1,
      "sound": 1,
      "door": 0
    },
    {
      "c": [
        3601,
        5858,
        4203,
        5858
      ],
      "move": 1,
      "sense": 1,
      "sound": 1,
      "door": 0
    },
    {
      "c": [
        3601,
        5557,
        3601,
        4653
      ],
      "move": 1,
      "sense": 1,
      "sound": 1,
      "door": 0
    },
    {
      "c": [
        3601,
        5557,
        4052,
        5557
      ],
      "move": 1,
      "sense": 1,
      "sound": 1,
      "door": 0
    },
    {
      "c": [
        3601,
        4352,
        3601,
        3750
      ],
      "move": 1,
      "sense": 1,
      "sound": 1,
      "door": 0
    },
    {
      "c": [
        3601,
        4352,
        3902,
        4352
      ],
      "move": 1,
      "sense": 1,
      "sound": 1,
      "door": 0
    },
    {
      "c": [
        3601,
        3901,
        3751,
        3901
      ],
      "move": 1,
      "sense": 1,
      "sound": 1,
      "door": 1
    },
    {
      "c": [
        3601,
        3750,
        3601,
        2998
      ],
      "move": 1,
      "sense": 1,
      "sound": 1,
      "door": 0
    },
    {
      "c": [
        3601,
        2847,
        3601,
        2546
      ],
      "move": 1,
      "sense": 1,
      "sound": 1,
      "door": 0
    },
    {
      "c": [
        3601,
        2546,
        3751,
        2546
      ],
      "move": 1,
      "sense": 1,
      "sound": 1,
      "door": 0
    },
    {
      "c": [
        3751,
        3901,
        4203,
        3901
      ],
      "move": 1,
      "sense": 1,
      "sound": 1,
      "door": 0
    },
    {
      "c": [
        3751,
        3901,
        3751,
        2546
      ],
      "move": 1,
      "sense": 1,
      "sound": 1,
      "door": 0
    },
    {
      "c": [
        3751,
        2396,
        3751,
        2095
      ],
      "move": 1,
      "sense": 1,
      "sound": 1,
      "door": 0
    },
    {
      "c": [
        3751,
        2095,
        3751,
        1944
      ],
      "move": 1,
      "sense": 0,
      "sound": 1,
      "door": 0
    },
    {
      "c": [
        3751,
        1944,
        3751,
        1643
      ],
      "move": 1,
      "sense": 1,
      "sound": 1,
      "door": 0
    },
    {
      "c": [
        3751,
        1643,
        3751,
        1492
      ],
      "move": 1,
      "sense": 1,
      "sound": 1,
      "door": 1
    },
    {
      "c": [
        3751,
        1643,
        4203,
        1643
      ],
      "move": 1,
      "sense": 1,
      "sound": 1,
      "door": 0
    },
    {
      "c": [
        3751,
        1492,
        4052,
        1492
      ],
      "move": 1,
      "sense": 1,
      "sound": 1,
      "door": 0
    },
    {
      "c": [
        3902,
        4503,
        3902,
        4352
      ],
      "move": 1,
      "sense": 1,
      "sound": 1,
      "door": 0
    },
    {
      "c": [
        3902,
        4352,
        4052,
        4352
      ],
      "move": 1,
      "sense": 1,
      "sound": 1,
      "door": 1
    },
    {
      "c": [
        3902,
        3750,
        3902,
        2847
      ],
      "move": 1,
      "sense": 1,
      "sound": 1,
      "door": 0
    },
    {
      "c": [
        3902,
        3750,
        4203,
        3750
      ],
      "move": 1,
      "sense": 1,
      "sound": 1,
      "door": 0
    },
    {
      "c": [
        3902,
        2847,
        4052,
        2847
      ],
      "move": 1,
      "sense": 1,
      "sound": 1,
      "door": 1
    },
    {
      "c": [
        3902,
        2847,
        3902,
        1793
      ],
      "move": 1,
      "sense": 1,
      "sound": 1,
      "door": 0
    },
    {
      "c": [
        3902,
        1793,
        4203,
        1793
      ],
      "move": 1,
      "sense": 1,
      "sound": 1,
      "door": 0
    },
    {
      "c": [
        3902,
        589,
        4052,
        589
      ],
      "move": 1,
      "sense": 0,
      "sound": 1,
      "door": 0
    },
    {
      "c": [
        4052,
        6159,
        4203,
        6159
      ],
      "move": 1,
      "sense": 0,
      "sound": 1,
      "door": 0
    },
    {
      "c": [
        4052,
        5557,
        4052,
        4352
      ],
      "move": 1,
      "sense": 1,
      "sound": 1,
      "door": 0
    },
    {
      "c": [
        4052,
        4352,
        4203,
        4352
      ],
      "move": 1,
      "sense": 1,
      "sound": 1,
      "door": 0
    },
    {
      "c": [
        4052,
        2998,
        4052,
        2847
      ],
      "move": 1,
      "sense": 1,
      "sound": 1,
      "door": 0
    },
    {
      "c": [
        4052,
        2998,
        4353,
        2998
      ],
      "move": 1,
      "sense": 1,
      "sound": 1,
      "door": 0
    },
    {
      "c": [
        4052,
        2847,
        4353,
        2847
      ],
      "move": 1,
      "sense": 1,
      "sound": 1,
      "door": 0
    },
    {
      "c": [
        4052,
        1492,
        4052,
        1342
      ],
      "move": 1,
      "sense": 1,
      "sound": 1,
      "door": 0
    },
    {
      "c": [
        4052,
        1342,
        4203,
        1342
      ],
      "move": 1,
      "sense": 1,
      "sound": 1,
      "door": 1
    },
    {
      "c": [
        4052,
        589,
        4203,
        589
      ],
      "move": 1,
      "sense": 1,
      "sound": 1,
      "door": 0
    },
    {
      "c": [
        4203,
        6159,
        4353,
        6159
      ],
      "move": 1,
      "sense": 1,
      "sound": 1,
      "door": 0
    },
    {
      "c": [
        4203,
        6008,
        4203,
        5858
      ],
      "move": 1,
      "sense": 1,
      "sound": 1,
      "door": 0
    },
    {
      "c": [
        4203,
        5707,
        4203,
        4352
      ],
      "move": 1,
      "sense": 1,
      "sound": 1,
      "door": 0
    },
    {
      "c": [
        4203,
        4352,
        4353,
        4352
      ],
      "move": 1,
      "sense": 1,
      "sound": 1,
      "door": 1
    },
    {
      "c": [
        4203,
        3901,
        4353,
        3901
      ],
      "move": 1,
      "sense": 1,
      "sound": 1,
      "door": 1
    },
    {
      "c": [
        4203,
        3901,
        4203,
        3750
      ],
      "move": 1,
      "sense": 1,
      "sound": 1,
      "door": 0
    },
    {
      "c": [
        4203,
        3750,
        4353,
        3750
      ],
      "move": 1,
      "sense": 1,
      "sound": 1,
      "door": 1
    },
    {
      "c": [
        4203,
        1793,
        4353,
        1793
      ],
      "move": 1,
      "sense": 1,
      "sound": 1,
      "door": 1
    },
    {
      "c": [
        4203,
        1793,
        4203,
        1643
      ],
      "move": 1,
      "sense": 1,
      "sound": 1,
      "door": 0
    },
    {
      "c": [
        4203,
        1492,
        4353,
        1492
      ],
      "move": 1,
      "sense": 1,
      "sound": 1,
      "door": 0
    },
    {
      "c": [
        4203,
        1492,
        4203,
        1342
      ],
      "move": 1,
      "sense": 1,
      "sound": 1,
      "door": 0
    },
    {
      "c": [
        4203,
        1342,
        4203,
        1041
      ],
      "move": 1,
      "sense": 1,
      "sound": 1,
      "door": 0
    },
    {
      "c": [
        4203,
        1041,
        4203,
        890
      ],
      "move": 1,
      "sense": 0,
      "sound": 1,
      "door": 0
    },
    {
      "c": [
        4203,
        890,
        4203,
        589
      ],
      "move": 1,
      "sense": 1,
      "sound": 1,
      "door": 0
    },
    {
      "c": [
        4353,
        6159,
        4353,
        5858
      ],
      "move": 1,
      "sense": 1,
      "sound": 1,
      "door": 0
    },
    {
      "c": [
        4353,
        5858,
        4353,
        5707
      ],
      "move": 1,
      "sense": 0,
      "sound": 1,
      "door": 0
    },
    {
      "c": [
        4353,
        5707,
        4353,
        5406
      ],
      "move": 1,
      "sense": 1,
      "sound": 1,
      "door": 0
    },
    {
      "c": [
        4353,
        5406,
        4353,
        5256
      ],
      "move": 1,
      "sense": 0,
      "sound": 1,
      "door": 0
    },
    {
      "c": [
        4353,
        5256,
        4353,
        4804
      ],
      "move": 1,
      "sense": 1,
      "sound": 1,
      "door": 0
    },
    {
      "c": [
        4353,
        4804,
        4353,
        4653
      ],
      "move": 1,
      "sense": 0,
      "sound": 1,
      "door": 0
    },
    {
      "c": [
        4353,
        4653,
        4353,
        4352
      ],
      "move": 1,
      "sense": 1,
      "sound": 1,
      "door": 0
    },
    {
      "c": [
        4353,
        4352,
        4353,
        3901
      ],
      "move": 1,
      "sense": 1,
      "sound": 1,
      "door": 0
    },
    {
      "c": [
        4353,
        3901,
        4353,
        3750
      ],
      "move": 1,
      "sense": 0,
      "sound": 1,
      "door": 0
    },
    {
      "c": [
        4353,
        3750,
        4504,
        3750
      ],
      "move": 1,
      "sense": 0,
      "sound": 1,
      "door": 0
    },
    {
      "c": [
        4353,
        3750,
        4353,
        3600
      ],
      "move": 1,
      "sense": 1,
      "sound": 1,
      "door": 1
    },
    {
      "c": [
        4353,
        3600,
        4353,
        3449
      ],
      "move": 1,
      "sense": 1,
      "sound": 1,
      "door": 0
    },
    {
      "c": [
        4353,
        3600,
        4504,
        3600
      ],
      "move": 1,
      "sense": 1,
      "sound": 1,
      "door": 0
    },
    {
      "c": [
        4353,
        3449,
        4504,
        3449
      ],
      "move": 1,
      "sense": 1,
      "sound": 1,
      "door": 0
    },
    {
      "c": [
        4353,
        3299,
        4504,
        3299
      ],
      "move": 1,
      "sense": 1,
      "sound": 1,
      "door": 0
    },
    {
      "c": [
        4353,
        3299,
        4353,
        2998
      ],
      "move": 1,
      "sense": 1,
      "sound": 1,
      "door": 0
    },
    {
      "c": [
        4353,
        2847,
        4353,
        2546
      ],
      "move": 1,
      "sense": 1,
      "sound": 1,
      "door": 0
    },
    {
      "c": [
        4353,
        2546,
        4353,
        2396
      ],
      "move": 1,
      "sense": 1,
      "sound": 1,
      "door": 1
    },
    {
      "c": [
        4353,
        2546,
        4504,
        2546
      ],
      "move": 1,
      "sense": 1,
      "sound": 1,
      "door": 0
    },
    {
      "c": [
        4353,
        2396,
        4504,
        2396
      ],
      "move": 1,
      "sense": 1,
      "sound": 1,
      "door": 0
    },
    {
      "c": [
        4353,
        2396,
        4353,
        1793
      ],
      "move": 1,
      "sense": 0,
      "sound": 1,
      "door": 0
    },
    {
      "c": [
        4353,
        1793,
        4353,
        1643
      ],
      "move": 1,
      "sense": 1,
      "sound": 1,
      "door": 0
    },
    {
      "c": [
        4353,
        1643,
        4353,
        1492
      ],
      "move": 1,
      "sense": 0,
      "sound": 1,
      "door": 0
    },
    {
      "c": [
        4504,
        3750,
        4654,
        3750
      ],
      "move": 1,
      "sense": 1,
      "sound": 1,
      "door": 0
    },
    {
      "c": [
        4504,
        3600,
        4504,
        3449
      ],
      "move": 1,
      "sense": 1,
      "sound": 1,
      "door": 0
    },
    {
      "c": [
        4654,
        3449,
        4504,
        3449
      ],
      "move": 1,
      "sense": 1,
      "sound": 1,
      "door": 1
    },
    {
      "c": [
        4504,
        3449,
        4504,
        3299
      ],
      "move": 1,
      "sense": 1,
      "sound": 1,
      "door": 1
    },
    {
      "c": [
        4504,
        3299,
        4504,
        2546
      ],
      "move": 1,
      "sense": 1,
      "sound": 1,
      "door": 0
    },
    {
      "c": [
        4504,
        2546,
        4504,
        2396
      ],
      "move": 1,
      "sense": 1,
      "sound": 1,
      "door": 1
    },
    {
      "c": [
        4504,
        2396,
        4956,
        2396
      ],
      "move": 1,
      "sense": 1,
      "sound": 1,
      "door": 0
    },
    {
      "c": [
        4654,
        3750,
        4654,
        3600
      ],
      "move": 1,
      "sense": 1,
      "sound": 1,
      "door": 0
    },
    {
      "c": [
        4654,
        3600,
        4654,
        3449
      ],
      "move": 1,
      "sense": 0,
      "sound": 1,
      "door": 0
    },
    {
      "c": [
        4654,
        3449,
        5708,
        3449
      ],
      "move": 1,
      "sense": 1,
      "sound": 1,
      "door": 0
    },
    {
      "c": [
        4805,
        4352,
        4956,
        4352
      ],
      "move": 1,
      "sense": 0,
      "sound": 1,
      "door": 0
    },
    {
      "c": [
        4805,
        4352,
        4805,
        3600
      ],
      "move": 1,
      "sense": 1,
      "sound": 1,
      "door": 0
    },
    {
      "c": [
        4805,
        3600,
        5257,
        3600
      ],
      "move": 1,
      "sense": 1,
      "sound": 1,
      "door": 0
    },
    {
      "c": [
        4956,
        4352,
        5106,
        4352
      ],
      "move": 1,
      "sense": 1,
      "sound": 1,
      "door": 0
    },
    {
      "c": [
        4956,
        2396,
        5106,
        2396
      ],
      "move": 1,
      "sense": 0,
      "sound": 1,
      "door": 0
    },
    {
      "c": [
        5106,
        4352,
        5257,
        4352
      ],
      "move": 1,
      "sense": 0,
      "sound": 1,
      "door": 0
    },
    {
      "c": [
        5106,
        2396,
        5708,
        2396
      ],
      "move": 1,
      "sense": 1,
      "sound": 1,
      "door": 0
    },
    {
      "c": [
        5257,
        4352,
        5257,
        4202
      ],
      "move": 1,
      "sense": 1,
      "sound": 1,
      "door": 1
    },
    {
      "c": [
        5257,
        4352,
        5708,
        4352
      ],
      "move": 1,
      "sense": 0,
      "sound": 1,
      "door": 0
    },
    {
      "c": [
        5257,
        4202,
        5257,
        3600
      ],
      "move": 1,
      "sense": 1,
      "sound": 1,
      "door": 0
    },
    {
      "c": [
        5257,
        4202,
        5407,
        4202
      ],
      "move": 1,
      "sense": 1,
      "sound": 1,
      "door": 0
    },
    {
      "c": [
        5407,
        4202,
        5407,
        3600
      ],
      "move": 1,
      "sense": 1,
      "sound": 1,
      "door": 0
    },
    {
      "c": [
        5407,
        3600,
        5708,
        3600
      ],
      "move": 1,
      "sense": 1,
      "sound": 1,
      "door": 0
    },
    {
      "c": [
        5558,
        4202,
        5558,
        3750
      ],
      "move": 1,
      "sense": 1,
      "sound": 1,
      "door": 0
    },
    {
      "c": [
        5558,
        4202,
        5708,
        4202
      ],
      "move": 1,
      "sense": 1,
      "sound": 1,
      "door": 0
    },
    {
      "c": [
        5558,
        3750,
        5708,
        3750
      ],
      "move": 1,
      "sense": 1,
      "sound": 1,
      "door": 0
    },
    {
      "c": [
        5558,
        3299,
        5708,
        3299
      ],
      "move": 1,
      "sense": 1,
      "sound": 1,
      "door": 0
    },
    {
      "c": [
        5558,
        3299,
        5558,
        2546
      ],
      "move": 1,
      "sense": 1,
      "sound": 1,
      "door": 0
    },
    {
      "c": [
        5558,
        2546,
        5708,
        2546
      ],
      "move": 1,
      "sense": 1,
      "sound": 1,
      "door": 0
    },
    {
      "c": [
        5708,
        4352,
        5708,
        4202
      ],
      "move": 1,
      "sense": 1,
      "sound": 1,
      "door": 0
    },
    {
      "c": [
        5708,
        4352,
        5859,
        4352
      ],
      "move": 1,
      "sense": 1,
      "sound": 1,
      "door": 0
    },
    {
      "c": [
        5708,
        4202,
        5708,
        3750
      ],
      "move": 1,
      "sense": 1,
      "sound": 1,
      "door": 0
    },
    {
      "c": [
        5708,
        3600,
        5708,
        3750
      ],
      "move": 1,
      "sense": 1,
      "sound": 1,
      "door": 1
    },
    {
      "c": [
        5708,
        3600,
        5708,
        3449
      ],
      "move": 1,
      "sense": 1,
      "sound": 1,
      "door": 0
    },
    {
      "c": [
        5708,
        3449,
        5708,
        3299
      ],
      "move": 1,
      "sense": 1,
      "sound": 1,
      "door": 1
    },
    {
      "c": [
        5708,
        3299,
        6009,
        3299
      ],
      "move": 1,
      "sense": 1,
      "sound": 1,
      "door": 0
    },
    {
      "c": [
        5708,
        3148,
        6009,
        3148
      ],
      "move": 1,
      "sense": 1,
      "sound": 1,
      "door": 0
    },
    {
      "c": [
        5708,
        3148,
        5708,
        2998
      ],
      "move": 1,
      "sense": 0,
      "sound": 1,
      "door": 0
    },
    {
      "c": [
        5708,
        2998,
        5708,
        2697
      ],
      "move": 1,
      "sense": 1,
      "sound": 1,
      "door": 0
    },
    {
      "c": [
        5708,
        2697,
        5708,
        2546
      ],
      "move": 1,
      "sense": 0,
      "sound": 1,
      "door": 0
    },
    {
      "c": [
        5708,
        2396,
        5859,
        2396
      ],
      "move": 1,
      "sense": 0,
      "sound": 1,
      "door": 0
    },
    {
      "c": [
        5859,
        4352,
        6009,
        4352
      ],
      "move": 1,
      "sense": 0,
      "sound": 1,
      "door": 0
    },
    {
      "c": [
        5859,
        2396,
        6009,
        2396
      ],
      "move": 1,
      "sense": 1,
      "sound": 1,
      "door": 0
    },
    {
      "c": [
        6009,
        4352,
        6160,
        4352
      ],
      "move": 1,
      "sense": 1,
      "sound": 1,
      "door": 0
    },
    {
      "c": [
        6009,
        3299,
        6009,
        3148
      ],
      "move": 1,
      "sense": 1,
      "sound": 1,
      "door": 0
    },
    {
      "c": [
        6009,
        3299,
        6160,
        3299
      ],
      "move": 1,
      "sense": 1,
      "sound": 1,
      "door": 1
    },
    {
      "c": [
        6009,
        3148,
        6160,
        3148
      ],
      "move": 1,
      "sense": 1,
      "sound": 1,
      "door": 1
    },
    {
      "c": [
        6009,
        2396,
        6160,
        2396
      ],
      "move": 1,
      "sense": 0,
      "sound": 1,
      "door": 0
    },
    {
      "c": [
        6160,
        4352,
        6160,
        3299
      ],
      "move": 1,
      "sense": 1,
      "sound": 1,
      "door": 0
    },
    {
      "c": [
        6160,
        3299,
        6160,
        3148
      ],
      "move": 1,
      "sense": 1,
      "sound": 1,
      "door": 0
    },
    {
      "c": [
        6160,
        3148,
        6160,
        2396
      ],
      "move": 1,
      "sense": 1,
      "sound": 1,
      "door": 0
    },
    {
      "c": [
        3205,
        5045,
        3205,
        5015
      ],
      "move": 1,
      "sense": 2,
      "sound": 1,
      "door": 0
    },
    {
      "c": [
        3200,
        5027,
        3221,
        5005
      ],
      "move": 1,
      "sense": 2,
      "sound": 1,
      "door": 0
    },
    {
      "c": [
        3209,
        5010,
        3240,
        5010
      ],
      "move": 1,
      "sense": 2,
      "sound": 1,
      "door": 0
    },
    {
      "c": [
        3228,
        5005,
        3249,
        5027
      ],
      "move": 1,
      "sense": 2,
      "sound": 1,
      "door": 0
    },
    {
      "c": [
        3244,
        5015,
        3244,
        5045
      ],
      "move": 1,
      "sense": 2,
      "sound": 1,
      "door": 0
    },
    {
      "c": [
        3249,
        5033,
        3228,
        5054
      ],
      "move": 1,
      "sense": 2,
      "sound": 1,
      "door": 0
    },
    {
      "c": [
        3240,
        5049,
        3209,
        5049
      ],
      "move": 1,
      "sense": 2,
      "sound": 1,
      "door": 0
    },
    {
      "c": [
        3221,
        5054,
        3200,
        5033
      ],
      "move": 1,
      "sense": 2,
      "sound": 1,
      "door": 0
    },
    {
      "c": [
        3205,
        4744,
        3205,
        4714
      ],
      "move": 1,
      "sense": 2,
      "sound": 1,
      "door": 0
    },
    {
      "c": [
        3200,
        4726,
        3221,
        4704
      ],
      "move": 1,
      "sense": 2,
      "sound": 1,
      "door": 0
    },
    {
      "c": [
        3209,
        4709,
        3240,
        4709
      ],
      "move": 1,
      "sense": 2,
      "sound": 1,
      "door": 0
    },
    {
      "c": [
        3228,
        4704,
        3249,
        4726
      ],
      "move": 1,
      "sense": 2,
      "sound": 1,
      "door": 0
    },
    {
      "c": [
        3244,
        4714,
        3244,
        4744
      ],
      "move": 1,
      "sense": 2,
      "sound": 1,
      "door": 0
    },
    {
      "c": [
        3249,
        4732,
        3228,
        4753
      ],
      "move": 1,
      "sense": 2,
      "sound": 1,
      "door": 0
    },
    {
      "c": [
        3240,
        4748,
        3209,
        4748
      ],
      "move": 1,
      "sense": 2,
      "sound": 1,
      "door": 0
    },
    {
      "c": [
        3221,
        4753,
        3200,
        4732
      ],
      "move": 1,
      "sense": 2,
      "sound": 1,
      "door": 0
    }
  ],
  "img": null,
  "foreground": null
}