{
  "name": "RandomCrypt001",
  "width": 3456,
  "height": 3456,
  "grid": 72,
  "shiftX": 0,
  "shiftY": 0,
  "gridDistance": 5.0,
  "gridUnits": "ft",
  "padding": 0.0,
  "gridColor": "#000000",
  "gridAlpha": 0.2,
  "globalLight": true,
  "darkness": 0.0,
  "lights": [
    {
      "x": 1476,
      "y": 2068,
      "dim": 25.0,
      "bright": 12.5,
      "tintColor": "#FF9800",
      "tintAlpha": 0.0
    },
    {
      "x": 1958,
      "y": 1836,
      "dim": 20.0,
      "bright": 10.0,
      "tintColor": "#FFAD40",
      "tintAlpha": 0.0
    },
    {
      "x": 2045,
      "y": 1916,
      "dim": 20.0,
      "bright": 10.0,
      "tintColor": "#FFAD40",
      "tintAlpha": 0.0
    },
    {
      "x": 1705,
      "y": 1404,
      "dim": 20.0,
      "bright": 10.0,
      "tintColor": "#FFAD40",
      "tintAlpha": 0.0
    },
    {
      "x": 1548,
      "y": 1419,
      "dim": 20.0,
      "bright": 10.0,
      "tintColor": "#FFAD40",
      "tintAlpha": 0.0
    },
    {
      "x": 1635,
      "y": 2195,
      "dim": 25.0,
      "bright": 12.5,
      "tintColor": "#FF9800",
      "tintAlpha": 0.0
    },
    {
      "x": 2339,
      "y": 2050,
      "dim": 25.0,
      "bright": 12.5,
      "tintColor": "#FF8200",
      "tintAlpha": 0.0
    },
    {
      "x": 2339,
      "y": 1689,
      "dim": 25.0,
      "bright": 12.5,
      "tintColor": "#FF8200",
      "tintAlpha": 0.0
    },
    {
      "x": 2205,
      "y": 1720,
      "dim": 20.0,
      "bright": 10.0,
      "tintColor": "#FFAD40",
      "tintAlpha": 0.0
    },
    {
      "x": 1762,
      "y": 1274,
      "dim": 25.0,
      "bright": 12.5,
      "tintColor": "#FF9800",
      "tintAlpha": 0.0
    },
    {
      "x": 1550,
      "y": 1097,
      "dim": 25.0,
      "bright": 12.5,
      "tintColor": "#FF9800",
      "tintAlpha": 0.0
    },
    {
      "x": 1766,
      "y": 1097,
      "dim": 25.0,
      "bright": 12.5,
      "tintColor": "#FF9800",
      "tintAlpha": 0.0
    },
    {
      "x": 1051,
      "y": 1980,
      "dim": 20.0,
      "bright": 10.0,
      "tintColor": "#FFAD40",
      "tintAlpha": 0.0
    },
    {
      "x": 1474,
      "y": 2397,
      "dim": 25.0,
      "bright": 12.5,
      "tintColor": "#FF9800",
      "tintAlpha": 0.0
    },
    {
      "x": 1691,
      "y": 2397,
      "dim": 25.0,
      "bright": 12.5,
      "tintColor": "#FF9800",
      "tintAlpha": 0.0
    },
    {
      "x": 1693,
      "y": 2573,
      "dim": 25.0,
      "bright": 12.5,
      "tintColor": "#FF9800",
      "tintAlpha": 0.0
    },
    {
      "x": 1655,
      "y": 2557,
      "dim": 20.0,
      "bright": 10.0,
      "tintColor": "#FFAD40",
      "tintAlpha": 0.0
    },
    {
      "x": 2182,
      "y": 2342,
      "dim": 25.0,
      "bright": 12.5,
      "tintColor": "#FF9800",
      "tintAlpha": 0.0
    },
    {
      "x": 2199,
      "y": 2405,
      "dim": 20.0,
      "bright": 10.0,
      "tintColor": "#FFAD40",
      "tintAlpha": 0.0
    },
    {
      "x": 2215,
      "y": 2713,
      "dim": 20.0,
      "bright": 10.0,
      "tintColor": "#FFAD40",
      "tintAlpha": 0.0
    },
    {
      "x": 2110,
      "y": 2622,
      "dim": 20.0,
      "bright": 10.0,
      "tintColor": "#FFAD40",
      "tintAlpha": 0.0
    },
    {
      "x": 686,
      "y": 2333,
      "dim": 20.0,
      "bright": 10.0,
      "tintColor": "#FFAD40",
      "tintAlpha": 0.0
    },
    {
      "x": 845,
      "y": 2694,
      "dim": 20.0,
      "bright": 10.0,
      "tintColor": "#FFAD40",
      "tintAlpha": 0.0
    },
    {
      "x": 1036,
      "y": 2467,
      "dim": 20.0,
      "bright": 10.0,
      "tintColor": "#FFAD40",
      "tintAlpha": 0.0
    },
    {
      "x": 547,
      "y": 2633,
      "dim": 20.0,
      "bright": 10.0,
      "tintColor": "#FFAD40",
      "tintAlpha": 0.0
    },
    {
      "x": 1186,
      "y": 1459,
      "dim": 25.0,
      "bright": 12.5,
      "tintColor": "#FF9800",
      "tintAlpha": 0.0
    },
    {
      "x": 1260,
      "y": 1562,
      "dim": 25.0,
      "bright": 12.5,
      "tintColor": "#FF9800",
      "tintAlpha": 0.0
    },
    {
      "x": 2559,
      "y": 2573,
      "dim": 25.0,
      "bright": 12.5,
      "tintColor": "#FF9800",
      "tintAlpha": 0.0
    },
    {
      "x": 2704,
      "y": 2573,
      "dim": 25.0,
      "bright": 12.5,
      "tintColor": "#FF9800",
      "tintAlpha": 0.0
    },
    {
      "x": 2776,
      "y": 2140,
      "dim": 25.0,
      "bright": 12.5,
      "tintColor": "#FF9800",
      "tintAlpha": 0.0
    },
    {
      "x": 3007,
      "y": 1762,
      "dim": 25.0,
      "bright": 12.5,
      "tintColor": "#FF9800",
      "tintAlpha": 0.0
    },
    {
      "x": 2049,
      "y": 1125,
      "dim": 20.0,
      "bright": 10.0,
      "tintColor": "#FFAD40",
      "tintAlpha": 0.0
    },
    {
      "x": 2048,
      "y": 1097,
      "dim": 20.0,
      "bright": 10.0,
      "tintColor": "#FFAD40",
      "tintAlpha": 0.0
    },
    {
      "x": 2759,
      "y": 1331,
      "dim": 25.0,
      "bright": 12.5,
      "tintColor": "#FF9800",
      "tintAlpha": 0.0
    },
    {
      "x": 2863,
      "y": 1329,
      "dim": 25.0,
      "bright": 12.5,
      "tintColor": "#FF9800",
      "tintAlpha": 0.0
    },
    {
      "x": 3007,
      "y": 968,
      "dim": 25.0,
      "bright": 12.5,
      "tintColor": "#FF9800",
      "tintAlpha": 0.0
    },
    {
      "x": 2687,
      "y": 1186,
      "dim": 25.0,
      "bright": 12.5,
      "tintColor": "#FF9800",
      "tintAlpha": 0.0
    },
    {
      "x": 2687,
      "y": 970,
      "dim": 25.0,
      "bright": 12.5,
      "tintColor": "#FF9800",
      "tintAlpha": 0.0
    },
    {
      "x": 2205,
      "y": 1247,
      "dim": 20.0,
      "bright": 10.0,
      "tintColor": "#FFAD40",
      "tintAlpha": 0.0
    },
    {
      "x": 2205,
      "y": 988,
      "dim": 20.0,
      "bright": 10.0,
      "tintColor": "#FFAD40",
      "tintAlpha": 0.0
    },
    {
      "x": 2563,
      "y": 1190,
      "dim": 20.0,
      "bright": 10.0,
      "tintColor": "#FFAD40",
      "tintAlpha": 0.0
    },
    {
      "x": 2503,
      "y": 1397,
      "dim": 20.0,
      "bright": 10.0,
      "tintColor": "#FFAD40",
      "tintAlpha": 0.0
    },
    {
      "x": 2562,
      "y": 1111,
      "dim": 20.0,
      "bright": 10.0,
      "tintColor": "#FFAD40",
      "tintAlpha": 0.0
    },
    {
      "x": 2485,
      "y": 1386,
      "dim": 20.0,
      "bright": 10.0,
      "tintColor": "#FFAD40",
      "tintAlpha": 0.0
    },
    {
      "x": 2357,
      "y": 1473,
      "dim": 25.0,
      "bright": 12.5,
      "tintColor": "#FF9800",
      "tintAlpha": 0.0
    },
    {
      "x": 2160,
      "y": 1620,
      "dim": 20.0,
      "bright": 10.0,
      "tintColor": "#FFAD40",
      "tintAlpha": 0.0
    },
    {
      "x": 521,
      "y": 2125,
      "dim": 25.0,
      "bright": 12.5,
      "tintColor": "#FF9800",
      "tintAlpha": 0.0
    },
    {
      "x": 521,
      "y": 1475,
      "dim": 25.0,
      "bright": 12.5,
      "tintColor": "#FF9800",
      "tintAlpha": 0.0
    },
    {
      "x": 465,
      "y": 1042,
      "dim": 25.0,
      "bright": 12.5,
      "tintColor": "#FFAD40",
      "tintAlpha": 0.0
    },
    {
      "x": 1115,
      "y": 968,
      "dim": 25.0,
      "bright": 12.5,
      "tintColor": "#FFAD40",
      "tintAlpha": 0.0
    },
    {
      "x": 1686,
      "y": 880,
      "dim": 20.0,
      "bright": 10.0,
      "tintColor": "#FFAD40",
      "tintAlpha": 0.0
    },
    {
      "x": 1627,
      "y": 893,
      "dim": 20.0,
      "bright": 10.0,
      "tintColor": "#FFAD40",
      "tintAlpha": 0.0
    },
    {
      "x": 1347,
      "y": 824,
      "dim": 25.0,
      "bright": 12.5,
      "tintColor": "#FF9800",
      "tintAlpha": 0.0
    },
    {
      "x": 1186,
      "y": 448,
      "dim": 25.0,
      "bright": 12.5,
      "tintColor": "#FF9800",
      "tintAlpha": 0.0
    },
    {
      "x": 1821,
      "y": 1475,
      "dim": 25.0,
      "bright": 12.5,
      "tintColor": "#FF9800",
      "tintAlpha": 0.0
    },
    {
      "x": 1691,
      "y": 1675,
      "dim": 25.0,
      "bright": 12.5,
      "tintColor": "#FF9800",
      "tintAlpha": 0.0
    },
    {
      "x": 1051,
      "y": 1763,
      "dim": 20.0,
      "bright": 10.0,
      "tintColor": "#FFAD40",
      "tintAlpha": 0.0
    },
    {
      "x": 1258,
      "y": 1820,
      "dim": 25.0,
      "bright": 12.5,
      "tintColor": "#FF9800",
      "tintAlpha": 0.0
    },
    {
      "x": 625,
      "y": 1907,
      "dim": 25.0,
      "bright": 12.5,
      "tintColor": "#FF9800",
      "tintAlpha": 0.0
    },
    {
      "x": 521,
      "y": 1259,
      "dim": 25.0,
      "bright": 12.5,
      "tintColor": "#FF9800",
      "tintAlpha": 0.0
    },
    {
      "x": 625,
      "y": 1257,
      "dim": 25.0,
      "bright": 12.5,
      "tintColor": "#FF9800",
      "tintAlpha": 0.0
    },
    {
      "x": 625,
      "y": 1473,
      "dim": 25.0,
      "bright": 12.5,
      "tintColor": "#FF9800",
      "tintAlpha": 0.0
    },
    {
      "x": 2285,
      "y": 2195,
      "dim": 25.0,
      "bright": 12.5,
      "tintColor": "#FF9800",
      "tintAlpha": 0.0
    },
    {
      "x": 2182,
      "y": 2197,
      "dim": 25.0,
      "bright": 12.5,
      "tintColor": "#FF9800",
      "tintAlpha": 0.0
    },
    {
      "x": 1532,
      "y": 2197,
      "dim": 25.0,
      "bright": 12.5,
      "tintColor": "#FF9800",
      "tintAlpha": 0.0
    },
    {
      "x": 913,
      "y": 2195,
      "dim": 25.0,
      "bright": 12.5,
      "tintColor": "#FF9800",
      "tintAlpha": 0.0
    },
    {
      "x": 625,
      "y": 2123,
      "dim": 25.0,
      "bright": 12.5,
      "tintColor": "#FF9800",
      "tintAlpha": 0.0
    },
    {
      "x": 521,
      "y": 1908,
      "dim": 25.0,
      "bright": 12.5,
      "tintColor": "#FF9800",
      "tintAlpha": 0.0
    }
  ],
  "walls": [
    {
      "c": [
        428,
        1077,
        428,
        932
      ],
      "move": 1,
      "sense": 1,
      "sound": 1,
      "door": 0
    },
    {
      "c": [
        428,
        1077,
        500,
        1077
      ],
      "move": 1,
      "sense": 1,
      "sound": 1,
      "door": 0
    },
    {
      "c": [
        428,
        932,
        644,
        932
      ],
      "move": 1,
      "sense": 1,
      "sound": 1,
      "door": 0
    },
    {
      "c": [
        500,
        2739,
        500,
        2305
      ],
      "move": 1,
      "sense": 0,
      "sound": 1,
      "door": 0
    },
    {
      "c": [
        500,
        2739,
        1078,
        2739
      ],
      "move": 1,
      "sense": 0,
      "sound": 1,
      "door": 0
    },
    {
      "c": [
        500,
        2305,
        500,
        1077
      ],
      "move": 1,
      "sense": 1,
      "sound": 1,
      "door": 0
    },
    {
      "c": [
        500,
        1077,
        644,
        1077
      ],
      "move": 1,
      "sense": 1,
      "sound": 1,
      "door": 1
    },
    {
      "c": [
        572,
        2305,
        644,
        2305
      ],
      "move": 1,
      "sense": 1,
      "sound": 1,
      "door": 0
    },
    {
      "c": [
        644,
        2305,
        716,
        2305
      ],
      "move": 1,
      "sense": 0,
      "sound": 1,
      "door": 0
    },
    {
      "c": [
        644,
        2305,
        644,
        1077
      ],
      "move": 1,
      "sense": 1,
      "sound": 1,
      "door": 0
    },
    {
      "c": [
        644,
        1077,
        789,
        1077
      ],
      "move": 1,
      "sense": 0,
      "sound": 1,
      "door": 0
    },
    {
      "c": [
        644,
        932,
        789,
        932
      ],
      "move": 1,
      "sense": 0,
      "sound": 1,
      "door": 0
    },
    {
      "c": [
        717,
        2305,
        861,
        2305
      ],
      "move": 1,
      "sense": 1,
      "sound": 1,
      "door": 0
    },
    {
      "c": [
        717,
        2305,
        717,
        2088
      ],
      "move": 1,
      "sense": 1,
      "sound": 1,
      "door": 0
    },
    {
      "c": [
        717,
        2088,
        789,
        2088
      ],
      "move": 1,
      "sense": 1,
      "sound": 1,
      "door": 0
    },
    {
      "c": [
        789,
        2088,
        933,
        2088
      ],
      "move": 1,
      "sense": 1,
      "sound": 1,
      "door": 1
    },
    {
      "c": [
        789,
        2088,
        789,
        1655
      ],
      "move": 1,
      "sense": 1,
      "sound": 1,
      "door": 0
    },
    {
      "c": [
        789,
        1655,
        861,
        1655
      ],
      "move": 1,
      "sense": 1,
      "sound": 1,
      "door": 0
    },
    {
      "c": [
        789,
        1077,
        933,
        1077
      ],
      "move": 1,
      "sense": 1,
      "sound": 1,
      "door": 0
    },
    {
      "c": [
        789,
        932,
        933,
        932
      ],
      "move": 1,
      "sense": 1,
      "sound": 1,
      "door": 0
    },
    {
      "c": [
        861,
        2305,
        933,
        2305
      ],
      "move": 1,
      "sense": 1,
      "sound": 1,
      "door": 1
    },
    {
      "c": [
        861,
        1655,
        861,
        1438
      ],
      "move": 1,
      "sense": 1,
      "sound": 1,
      "door": 0
    },
    {
      "c": [
        861,
        1655,
        1006,
        1655
      ],
      "move": 1,
      "sense": 1,
      "sound": 1,
      "door": 1
    },
    {
      "c": [
        861,
        1438,
        1511,
        1438
      ],
      "move": 1,
      "sense": 1,
      "sound": 1,
      "door": 0
    },
    {
      "c": [
        933,
        2305,
        1078,
        2305
      ],
      "move": 1,
      "sense": 0,
      "sound": 1,
      "door": 0
    },
    {
      "c": [
        933,
        2305,
        933,
        2088
      ],
      "move": 1,
      "sense": 1,
      "sound": 1,
      "door": 0
    },
    {
      "c": [
        933,
        2088,
        1078,
        2088
      ],
      "move": 1,
      "sense": 1,
      "sound": 1,
      "door": 0
    },
    {
      "c": [
        933,
        1077,
        1078,
        1077
      ],
      "move": 1,
      "sense": 0,
      "sound": 1,
      "door": 0
    },
    {
      "c": [
        933,
        932,
        933,
        427
      ],
      "move": 1,
      "sense": 1,
      "sound": 1,
      "door": 0
    },
    {
      "c": [
        933,
        932,
        1006,
        932
      ],
      "move": 1,
      "sense": 1,
      "sound": 1,
      "door": 1
    },
    {
      "c": [
        933,
        427,
        1367,
        427
      ],
      "move": 1,
      "sense": 1,
      "sound": 1,
      "door": 0
    },
    {
      "c": [
        1006,
        1655,
        1006,
        1583
      ],
      "move": 1,
      "sense": 1,
      "sound": 1,
      "door": 0
    },
    {
      "c": [
        1006,
        1655,
        1078,
        1655
      ],
      "move": 1,
      "sense": 1,
      "sound": 1,
      "door": 0
    },
    {
      "c": [
        1006,
        1583,
        1511,
        1583
      ],
      "move": 1,
      "sense": 1,
      "sound": 1,
      "door": 0
    },
    {
      "c": [
        1006,
        932,
        1150,
        932
      ],
      "move": 1,
      "sense": 1,
      "sound": 1,
      "door": 0
    },
    {
      "c": [
        1078,
        2739,
        1078,
        2522
      ],
      "move": 1,
      "sense": 0,
      "sound": 1,
      "door": 0
    },
    {
      "c": [
        1078,
        2522,
        1078,
        2377
      ],
      "move": 1,
      "sense": 1,
      "sound": 1,
      "door": 1
    },
    {
      "c": [
        1078,
        2522,
        1222,
        2522
      ],
      "move": 1,
      "sense": 0,
      "sound": 1,
      "door": 0
    },
    {
      "c": [
        1078,
        2377,
        1222,
        2377
      ],
      "move": 1,
      "sense": 0,
      "sound": 1,
      "door": 0
    },
    {
      "c": [
        1078,
        2377,
        1078,
        2305
      ],
      "move": 1,
      "sense": 0,
      "sound": 1,
      "door": 0
    },
    {
      "c": [
        1078,
        2088,
        1078,
        1944
      ],
      "move": 1,
      "sense": 1,
      "sound": 1,
      "door": 0
    },
    {
      "c": [
        1078,
        1944,
        1367,
        1944
      ],
      "move": 1,
      "sense": 1,
      "sound": 1,
      "door": 0
    },
    {
      "c": [
        1078,
        1944,
        1078,
        1871
      ],
      "move": 1,
      "sense": 1,
      "sound": 1,
      "door": 1
    },
    {
      "c": [
        1078,
        1871,
        1078,
        1727
      ],
      "move": 1,
      "sense": 1,
      "sound": 1,
      "door": 0
    },
    {
      "c": [
        1078,
        1799,
        1150,
        1799
      ],
      "move": 1,
      "sense": 1,
      "sound": 1,
      "door": 0
    },
    {
      "c": [
        1078,
        1727,
        1078,
        1655
      ],
      "move": 1,
      "sense": 1,
      "sound": 1,
      "door": 0
    },
    {
      "c": [
        1078,
        1077,
        1150,
        1077
      ],
      "move": 1,
      "sense": 1,
      "sound": 1,
      "door": 0
    },
    {
      "c": [
        1150,
        1799,
        1367,
        1799
      ],
      "move": 1,
      "sense": 1,
      "sound": 1,
      "door": 0
    },
    {
      "c": [
        1150,
        1077,
        1150,
        932
      ],
      "move": 1,
      "sense": 1,
      "sound": 1,
      "door": 0
    },
    {
      "c": [
        1150,
        932,
        1367,
        932
      ],
      "move": 1,
      "sense": 1,
      "sound": 1,
      "door": 0
    },
    {
      "c": [
        1222,
        2522,
        1367,
        2522
      ],
      "move": 1,
      "sense": 1,
      "sound": 1,
      "door": 0
    },
    {
      "c": [
        1222,
        2377,
        1511,
        2377
      ],
      "move": 1,
      "sense": 1,
      "sound": 1,
      "door": 0
    },
    {
      "c": [
        1367,
        2594,
        1367,
        2522
      ],
      "move": 1,
      "sense": 1,
      "sound": 1,
      "door": 0
    },
    {
      "c": [
        1367,
        2594,
        1800,
        2594
      ],
      "move": 1,
      "sense": 1,
      "sound": 1,
      "door": 0
    },
    {
      "c": [
        1367,
        2088,
        1511,
        2088
      ],
      "move": 1,
      "sense": 1,
      "sound": 1,
      "door": 0
    },
    {
      "c": [
        1367,
        2088,
        1367,
        1944
      ],
      "move": 1,
      "sense": 1,
      "sound": 1,
      "door": 0
    },
    {
      "c": [
        1367,
        1944,
        1367,
        1871
      ],
      "move": 1,
      "sense": 1,
      "sound": 1,
      "door": 1
    },
    {
      "c": [
        1367,
        1871,
        1367,
        1799
      ],
      "move": 1,
      "sense": 1,
      "sound": 1,
      "door": 0
    },
    {
      "c": [
        1367,
        1799,
        1367,
        1655
      ],
      "move": 1,
      "sense": 1,
      "sound": 1,
      "door": 0
    },
    {
      "c": [
        1367,
        1655,
        1584,
        1655
      ],
      "move": 1,
      "sense": 1,
      "sound": 1,
      "door": 0
    },
    {
      "c": [
        1367,
        932,
        1367,
        788
      ],
      "move": 1,
      "sense": 1,
      "sound": 1,
      "door": 0
    },
    {
      "c": [
        1367,
        788,
        1584,
        788
      ],
      "move": 1,
      "sense": 1,
      "sound": 1,
      "door": 0
    },
    {
      "c": [
        1367,
        571,
        1367,
        427
      ],
      "move": 1,
      "sense": 1,
      "sound": 1,
      "door": 0
    },
    {
      "c": [
        1367,
        571,
        2306,
        571
      ],
      "move": 1,
      "sense": 1,
      "sound": 1,
      "door": 0
    },
    {
      "c": [
        1439,
        1294,
        1439,
        1077
      ],
      "move": 1,
      "sense": 1,
      "sound": 1,
      "door": 0
    },
    {
      "c": [
        1439,
        1294,
        1511,
        1294
      ],
      "move": 1,
      "sense": 1,
      "sound": 1,
      "door": 0
    },
    {
      "c": [
        1439,
        1077,
        1656,
        1077
      ],
      "move": 1,
      "sense": 1,
      "sound": 1,
      "door": 0
    },
    {
      "c": [
        1511,
        2377,
        1511,
        2088
      ],
      "move": 1,
      "sense": 1,
      "sound": 1,
      "door": 0
    },
    {
      "c": [
        1511,
        2377,
        1584,
        2377
      ],
      "move": 1,
      "sense": 1,
      "sound": 1,
      "door": 0
    },
    {
      "c": [
        1511,
        1655,
        1511,
        1583
      ],
      "move": 1,
      "sense": 1,
      "sound": 1,
      "door": 1
    },
    {
      "c": [
        1511,
        1583,
        1511,
        1438
      ],
      "move": 1,
      "sense": 1,
      "sound": 1,
      "door": 1
    },
    {
      "c": [
        1511,
        1438,
        1511,
        1293
      ],
      "move": 1,
      "sense": 0,
      "sound": 1,
      "door": 0
    },
    {
      "c": [
        1584,
        2377,
        1656,
        2377
      ],
      "move": 1,
      "sense": 1,
      "sound": 1,
      "door": 1
    },
    {
      "c": [
        1584,
        1655,
        1656,
        1655
      ],
      "move": 1,
      "sense": 1,
      "sound": 1,
      "door": 1
    },
    {
      "c": [
        1584,
        1294,
        1728,
        1294
      ],
      "move": 1,
      "sense": 1,
      "sound": 1,
      "door": 0
    },
    {
      "c": [
        1583,
        1077,
        1583,
        1004
      ],
      "move": 1,
      "sense": 0,
      "sound": 1,
      "door": 0
    },
    {
      "c": [
        1583,
        1004,
        1583,
        788
      ],
      "move": 1,
      "sense": 0,
      "sound": 1,
      "door": 0
    },
    {
      "c": [
        1584,
        788,
        1656,
        788
      ],
      "move": 1,
      "sense": 1,
      "sound": 1,
      "door": 1
    },
    {
      "c": [
        1656,
        2377,
        1656,
        2088
      ],
      "move": 1,
      "sense": 1,
      "sound": 1,
      "door": 0
    },
    {
      "c": [
        1656,
        2377,
        1800,
        2377
      ],
      "move": 1,
      "sense": 1,
      "sound": 1,
      "door": 0
    },
    {
      "c": [
        1656,
        2088,
        1800,
        2088
      ],
      "move": 1,
      "sense": 1,
      "sound": 1,
      "door": 0
    },
    {
      "c": [
        1656,
        1655,
        1800,
        1655
      ],
      "move": 1,
      "sense": 1,
      "sound": 1,
      "door": 0
    },
    {
      "c": [
        1656,
        1077,
        1728,
        1077
      ],
      "move": 1,
      "sense": 1,
      "sound": 1,
      "door": 1
    },
    {
      "c": [
        1656,
        788,
        1728,
        788
      ],
      "move": 1,
      "sense": 1,
      "sound": 1,
      "door": 0
    },
    {
      "c": [
        1728,
        1655,
        1728,
        1582
      ],
      "move": 1,
      "sense": 0,
      "sound": 1,
      "door": 0
    },
    {
      "c": [
        1728,
        1582,
        1728,
        1293
      ],
      "move": 1,
      "sense": 0,
      "sound": 1,
      "door": 0
    },
    {
      "c": [
        1728,
        1294,
        1800,
        1294
      ],
      "move": 1,
      "sense": 1,
      "sound": 1,
      "door": 0
    },
    {
      "c": [
        1728,
        1077,
        1872,
        1077
      ],
      "move": 1,
      "sense": 1,
      "sound": 1,
      "door": 0
    },
    {
      "c": [
        1728,
        1077,
        1728,
        788
      ],
      "move": 1,
      "sense": 0,
      "sound": 1,
      "door": 0
    },
    {
      "c": [
        1728,
        788,
        1800,
        788
      ],
      "move": 1,
      "sense": 1,
      "sound": 1,
      "door": 0
    },
    {
      "c": [
        1800,
        2594,
        1945,
        2594
      ],
      "move": 1,
      "sense": 0,
      "sound": 1,
      "door": 0
    },
    {
      "c": [
        1800,
        2522,
        1800,
        2377
      ],
      "move": 1,
      "sense": 1,
      "sound": 1,
      "door": 0
    },
    {
      "c": [
        1800,
        2449,
        1945,
        2449
      ],
      "move": 1,
      "sense": 0,
      "sound": 1,
      "door": 0
    },
    {
      "c": [
        1800,
        2088,
        1800,
        1944
      ],
      "move": 1,
      "sense": 1,
      "sound": 1,
      "door": 0
    },
    {
      "c": [
        1800,
        1944,
        2162,
        1944
      ],
      "move": 1,
      "sense": 0,
      "sound": 1,
      "door": 0
    },
    {
      "c": [
        1800,
        1944,
        1800,
        1871
      ],
      "move": 1,
      "sense": 1,
      "sound": 1,
      "door": 1
    },
    {
      "c": [
        1800,
        1871,
        1800,
        1727
      ],
      "move": 1,
      "sense": 1,
      "sound": 1,
      "door": 0
    },
    {
      "c": [
        1800,
        1799,
        1873,
        1799
      ],
      "move": 1,
      "sense": 0,
      "sound": 1,
      "door": 0
    },
    {
      "c": [
        1800,
        1727,
        1800,
        1655
      ],
      "move": 1,
      "sense": 1,
      "sound": 1,
      "door": 0
    },
    {
      "c": [
        1800,
        1655,
        1800,
        1294
      ],
      "move": 1,
      "sense": 1,
      "sound": 1,
      "door": 0
    },
    {
      "c": [
        1800,
        1655,
        2161,
        1655
      ],
      "move": 1,
      "sense": 1,
      "sound": 1,
      "door": 0
    },
    {
      "c": [
        1800,
        1294,
        1945,
        1294
      ],
      "move": 1,
      "sense": 1,
      "sound": 1,
      "door": 0
    },
    {
      "c": [
        1800,
        788,
        1800,
        716
      ],
      "move": 1,
      "sense": 1,
      "sound": 1,
      "door": 0
    },
    {
      "c": [
        1800,
        716,
        2089,
        716
      ],
      "move": 1,
      "sense": 1,
      "sound": 1,
      "door": 0
    },
    {
      "c": [
        1873,
        1799,
        2162,
        1799
      ],
      "move": 1,
      "sense": 0,
      "sound": 1,
      "door": 0
    },
    {
      "c": [
        1872,
        1294,
        1872,
        1221
      ],
      "move": 1,
      "sense": 1,
      "sound": 1,
      "door": 0
    },
    {
      "c": [
        1873,
        1221,
        2162,
        1221
      ],
      "move": 1,
      "sense": 0,
      "sound": 1,
      "door": 0
    },
    {
      "c": [
        1872,
        1221,
        1872,
        1149
      ],
      "move": 1,
      "sense": 1,
      "sound": 1,
      "door": 1
    },
    {
      "c": [
        1872,
        1149,
        1872,
        1077
      ],
      "move": 1,
      "sense": 1,
      "sound": 1,
      "door": 0
    },
    {
      "c": [
        1873,
        1077,
        2162,
        1077
      ],
      "move": 1,
      "sense": 0,
      "sound": 1,
      "door": 0
    },
    {
      "c": [
        1945,
        2594,
        2089,
        2594
      ],
      "move": 1,
      "sense": 1,
      "sound": 1,
      "door": 0
    },
    {
      "c": [
        1945,
        2449,
        2089,
        2449
      ],
      "move": 1,
      "sense": 1,
      "sound": 1,
      "door": 0
    },
    {
      "c": [
        1945,
        1294,
        2161,
        1294
      ],
      "move": 1,
      "sense": 1,
      "sound": 1,
      "door": 0
    },
    {
      "c": [
        2089,
        2739,
        2089,
        2594
      ],
      "move": 1,
      "sense": 0,
      "sound": 1,
      "door": 0
    },
    {
      "c": [
        2089,
        2739,
        2451,
        2739
      ],
      "move": 1,
      "sense": 0,
      "sound": 1,
      "door": 0
    },
    {
      "c": [
        2089,
        2594,
        2089,
        2449
      ],
      "move": 1,
      "sense": 1,
      "sound": 1,
      "door": 1
    },
    {
      "c": [
        2089,
        2450,
        2089,
        2377
      ],
      "move": 1,
      "sense": 0,
      "sound": 1,
      "door": 0
    },
    {
      "c": [
        2089,
        2377,
        2162,
        2377
      ],
      "move": 1,
      "sense": 0,
      "sound": 1,
      "door": 0
    },
    {
      "c": [
        2089,
        716,
        2089,
        643
      ],
      "move": 1,
      "sense": 1,
      "sound": 1,
      "door": 0
    },
    {
      "c": [
        2089,
        643,
        2306,
        643
      ],
      "move": 1,
      "sense": 1,
      "sound": 1,
      "door": 0
    },
    {
      "c": [
        2161,
        2377,
        2161,
        1944
      ],
      "move": 1,
      "sense": 1,
      "sound": 1,
      "door": 0
    },
    {
      "c": [
        2161,
        2377,
        2234,
        2377
      ],
      "move": 1,
      "sense": 1,
      "sound": 1,
      "door": 0
    },
    {
      "c": [
        2161,
        1799,
        2161,
        1655
      ],
      "move": 1,
      "sense": 1,
      "sound": 1,
      "door": 0
    },
    {
      "c": [
        2161,
        1655,
        2378,
        1655
      ],
      "move": 1,
      "sense": 1,
      "sound": 1,
      "door": 0
    },
    {
      "c": [
        2161,
        1294,
        2161,
        1221
      ],
      "move": 1,
      "sense": 1,
      "sound": 1,
      "door": 0
    },
    {
      "c": [
        2161,
        1294,
        2378,
        1294
      ],
      "move": 1,
      "sense": 1,
      "sound": 1,
      "door": 0
    },
    {
      "c": [
        2161,
        1221,
        2161,
        1149
      ],
      "move": 1,
      "sense": 1,
      "sound": 1,
      "door": 0
    },
    {
      "c": [
        2161,
        1149,
        2161,
        1077
      ],
      "move": 1,
      "sense": 1,
      "sound": 1,
      "door": 1
    },
    {
      "c": [
        2161,
        1077,
        2161,
        932
      ],
      "move": 1,
      "sense": 1,
      "sound": 1,
      "door": 0
    },
    {
      "c": [
        2161,
        932,
        2234,
        932
      ],
      "move": 1,
      "sense": 0,
      "sound": 1,
      "door": 0
    },
    {
      "c": [
        2234,
        2377,
        2306,
        2377
      ],
      "move": 1,
      "sense": 1,
      "sound": 1,
      "door": 1
    },
    {
      "c": [
        2234,
        932,
        2378,
        932
      ],
      "move": 1,
      "sense": 1,
      "sound": 1,
      "door": 0
    },
    {
      "c": [
        2306,
        2377,
        2451,
        2377
      ],
      "move": 1,
      "sense": 0,
      "sound": 1,
      "door": 0
    },
    {
      "c": [
        2306,
        2377,
        2306,
        2088
      ],
      "move": 1,
      "sense": 1,
      "sound": 1,
      "door": 0
    },
    {
      "c": [
        2306,
        2088,
        2378,
        2088
      ],
      "move": 1,
      "sense": 1,
      "sound": 1,
      "door": 0
    },
    {
      "c": [
        2306,
        788,
        2306,
        643
      ],
      "move": 1,
      "sense": 1,
      "sound": 1,
      "door": 0
    },
    {
      "c": [
        2306,
        788,
        2523,
        788
      ],
      "move": 1,
      "sense": 1,
      "sound": 1,
      "door": 0
    },
    {
      "c": [
        2306,
        571,
        2306,
        354
      ],
      "move": 1,
      "sense": 1,
      "sound": 1,
      "door": 0
    },
    {
      "c": [
        2306,
        354,
        2739,
        354
      ],
      "move": 1,
      "sense": 1,
      "sound": 1,
      "door": 0
    },
    {
      "c": [
        2378,
        2088,
        2378,
        2016
      ],
      "move": 1,
      "sense": 1,
      "sound": 1,
      "door": 0
    },
    {
      "c": [
        2378,
        2016,
        2378,
        1944
      ],
      "move": 1,
      "sense": 1,
      "sound": 1,
      "door": 1
    },
    {
      "c": [
        2378,
        2016,
        2595,
        2016
      ],
      "move": 1,
      "sense": 1,
      "sound": 1,
      "door": 0
    },
    {
      "c": [
        2378,
        1944,
        2378,
        1799
      ],
      "move": 1,
      "sense": 1,
      "sound": 1,
      "door": 0
    },
    {
      "c": [
        2378,
        1871,
        2450,
        1871
      ],
      "move": 1,
      "sense": 1,
      "sound": 1,
      "door": 0
    },
    {
      "c": [
        2378,
        1799,
        2378,
        1655
      ],
      "move": 1,
      "sense": 1,
      "sound": 1,
      "door": 0
    },
    {
      "c": [
        2378,
        1655,
        2378,
        1438
      ],
      "move": 1,
      "sense": 1,
      "sound": 1,
      "door": 0
    },
    {
      "c": [
        2378,
        1438,
        2595,
        1438
      ],
      "move": 1,
      "sense": 0,
      "sound": 1,
      "door": 0
    },
    {
      "c": [
        2378,
        1438,
        2378,
        1366
      ],
      "move": 1,
      "sense": 1,
      "sound": 1,
      "door": 1
    },
    {
      "c": [
        2378,
        1366,
        2378,
        1294
      ],
      "move": 1,
      "sense": 1,
      "sound": 1,
      "door": 0
    },
    {
      "c": [
        2378,
        1366,
        2523,
        1366
      ],
      "move": 1,
      "sense": 0,
      "sound": 1,
      "door": 0
    },
    {
      "c": [
        2378,
        1294,
        2450,
        1294
      ],
      "move": 1,
      "sense": 0,
      "sound": 1,
      "door": 0
    },
    {
      "c": [
        2378,
        932,
        2450,
        932
      ],
      "move": 1,
      "sense": 0,
      "sound": 1,
      "door": 0
    },
    {
      "c": [
        2451,
        2739,
        2451,
        2594
      ],
      "move": 1,
      "sense": 0,
      "sound": 1,
      "door": 0
    },
    {
      "c": [
        2450,
        2594,
        2739,
        2594
      ],
      "move": 1,
      "sense": 1,
      "sound": 1,
      "door": 0
    },
    {
      "c": [
        2451,
        2450,
        2451,
        2377
      ],
      "move": 1,
      "sense": 0,
      "sound": 1,
      "door": 0
    },
    {
      "c": [
        2450,
        2449,
        2595,
        2449
      ],
      "move": 1,
      "sense": 1,
      "sound": 1,
      "door": 0
    },
    {
      "c": [
        2450,
        1871,
        2595,
        1871
      ],
      "move": 1,
      "sense": 1,
      "sound": 1,
      "door": 0
    },
    {
      "c": [
        2450,
        1294,
        2450,
        1149
      ],
      "move": 1,
      "sense": 1,
      "sound": 1,
      "door": 0
    },
    {
      "c": [
        2451,
        1149,
        2523,
        1149
      ],
      "move": 1,
      "sense": 0,
      "sound": 1,
      "door": 0
    },
    {
      "c": [
        2450,
        1149,
        2450,
        1077
      ],
      "move": 1,
      "sense": 1,
      "sound": 1,
      "door": 0
    },
    {
      "c": [
        2450,
        1077,
        2450,
        1005
      ],
      "move": 1,
      "sense": 1,
      "sound": 1,
      "door": 1
    },
    {
      "c": [
        2451,
        1004,
        2523,
        1004
      ],
      "move": 1,
      "sense": 0,
      "sound": 1,
      "door": 0
    },
    {
      "c": [
        2450,
        1005,
        2450,
        932
      ],
      "move": 1,
      "sense": 1,
      "sound": 1,
      "door": 0
    },
    {
      "c": [
        2523,
        1366,
        2523,
        1149
      ],
      "move": 1,
      "sense": 0,
      "sound": 1,
      "door": 0
    },
    {
      "c": [
        2523,
        1005,
        2523,
        788
      ],
      "move": 1,
      "sense": 1,
      "sound": 1,
      "door": 0
    },
    {
      "c": [
        2523,
        1005,
        2595,
        1005
      ],
      "move": 1,
      "sense": 1,
      "sound": 1,
      "door": 1
    },
    {
      "c": [
        2523,
        788,
        2595,
        788
      ],
      "move": 1,
      "sense": 1,
      "sound": 1,
      "door": 1
    },
    {
      "c": [
        2595,
        2449,
        2595,
        2088
      ],
      "move": 1,
      "sense": 1,
      "sound": 1,
      "door": 0
    },
    {
      "c": [
        2595,
        2160,
        2667,
        2160
      ],
      "move": 1,
      "sense": 1,
      "sound": 1,
      "door": 1
    },
    {
      "c": [
        2595,
        2088,
        2595,
        2016
      ],
      "move": 1,
      "sense": 1,
      "sound": 1,
      "door": 0
    },
    {
      "c": [
        2595,
        2016,
        2595,
        1871
      ],
      "move": 1,
      "sense": 1,
      "sound": 1,
      "door": 1
    },
    {
      "c": [
        2595,
        1871,
        2595,
        1510
      ],
      "move": 1,
      "sense": 1,
      "sound": 1,
      "door": 0
    },
    {
      "c": [
        2595,
        1510,
        2739,
        1510
      ],
      "move": 1,
      "sense": 1,
      "sound": 1,
      "door": 0
    },
    {
      "c": [
        2595,
        1438,
        2595,
        1149
      ],
      "move": 1,
      "sense": 0,
      "sound": 1,
      "door": 0
    },
    {
      "c": [
        2595,
        1149,
        2667,
        1149
      ],
      "move": 1,
      "sense": 0,
      "sound": 1,
      "door": 0
    },
    {
      "c": [
        2595,
        1005,
        2595,
        788
      ],
      "move": 1,
      "sense": 1,
      "sound": 1,
      "door": 0
    },
    {
      "c": [
        2595,
        1004,
        2667,
        1004
      ],
      "move": 1,
      "sense": 0,
      "sound": 1,
      "door": 0
    },
    {
      "c": [
        2595,
        788,
        2739,
        788
      ],
      "move": 1,
      "sense": 1,
      "sound": 1,
      "door": 0
    },
    {
      "c": [
        2667,
        2160,
        2739,
        2160
      ],
      "move": 1,
      "sense": 1,
      "sound": 1,
      "door": 0
    },
    {
      "c": [
        2667,
        1221,
        2667,
        1149
      ],
      "move": 1,
      "sense": 1,
      "sound": 1,
      "door": 0
    },
    {
      "c": [
        2667,
        1221,
        2739,
        1221
      ],
      "move": 1,
      "sense": 1,
      "sound": 1,
      "door": 0
    },
    {
      "c": [
        2667,
        1149,
        2667,
        1077
      ],
      "move": 1,
      "sense": 1,
      "sound": 1,
      "door": 1
    },
    {
      "c": [
        2667,
        1077,
        2667,
        1005
      ],
      "move": 1,
      "sense": 1,
      "sound": 1,
      "door": 0
    },
    {
      "c": [
        2667,
        1005,
        2667,
        860
      ],
      "move": 1,
      "sense": 1,
      "sound": 1,
      "door": 0
    },
    {
      "c": [
        2667,
        860,
        3028,
        860
      ],
      "move": 1,
      "sense": 1,
      "sound": 1,
      "door": 0
    },
    {
      "c": [
        2739,
        2594,
        2739,
        2160
      ],
      "move": 1,
      "sense": 1,
      "sound": 1,
      "door": 0
    },
    {
      "c": [
        2739,
        2160,
        3028,
        2160
      ],
      "move": 1,
      "sense": 1,
      "sound": 1,
      "door": 0
    },
    {
      "c": [
        2739,
        1510,
        2739,
        1221
      ],
      "move": 1,
      "sense": 1,
      "sound": 1,
      "door": 0
    },
    {
      "c": [
        2739,
        1510,
        2884,
        1510
      ],
      "move": 1,
      "sense": 1,
      "sound": 1,
      "door": 1
    },
    {
      "c": [
        2739,
        1221,
        2812,
        1221
      ],
      "move": 1,
      "sense": 1,
      "sound": 1,
      "door": 0
    },
    {
      "c": [
        2739,
        788,
        2739,
        354
      ],
      "move": 1,
      "sense": 1,
      "sound": 1,
      "door": 0
    },
    {
      "c": [
        2884,
        1510,
        3028,
        1510
      ],
      "move": 1,
      "sense": 1,
      "sound": 1,
      "door": 0
    },
    {
      "c": [
        2884,
        1510,
        2884,
        1221
      ],
      "move": 1,
      "sense": 1,
      "sound": 1,
      "door": 0
    },
    {
      "c": [
        2884,
        1221,
        3028,
        1221
      ],
      "move": 1,
      "sense": 1,
      "sound": 1,
      "door": 0
    },
    {
      "c": [
        3028,
        2160,
        3028,
        1510
      ],
      "move": 1,
      "sense": 1,
      "sound": 1,
      "door": 0
    },
    {
      "c": [
        3028,
        1221,
        3028,
        860
      ],
      "move": 1,
      "sense": 1,
      "sound": 1,
      "door": 0
    },
    {
      "c": [
        500,
        2305,
        500,
        2305
      ],
      "move": 1,
      "sense": 1,
      "sound": 1,
      "door": 0
    },
    {
      "c": [
        644,
        2305,
        644,
        2305
      ],
      "move": 1,
      "sense": 1,
      "sound": 1,
      "door": 0
    },
    {
      "c": [
        717,
        2305,
        716,
        2305
      ],
      "move": 1,
      "sense": 1,
      "sound": 1,
      "door": 0
    },
    {
      "c": [
        933,
        2305,
        933,
        2305
      ],
      "move": 1,
      "sense": 1,
      "sound": 1,
      "door": 0
    },
    {
      "c": [
        1078,
        2522,
        1078,
        2522
      ],
      "move": 1,
      "sense": 1,
      "sound": 1,
      "door": 0
    },
    {
      "c": [
        1078,
        2377,
        1078,
        2377
      ],
      "move": 1,
      "sense": 1,
      "sound": 1,
      "door": 0
    },
    {
      "c": [
        1511,
        1438,
        1511,
        1438
      ],
      "move": 1,
      "sense": 1,
      "sound": 1,
      "door": 0
    },
    {
      "c": [
        1511,
        1294,
        1511,
        1293
      ],
      "move": 1,
      "sense": 1,
      "sound": 1,
      "door": 0
    },
    {
      "c": [
        1584,
        788,
        1583,
        788
      ],
      "move": 1,
      "sense": 1,
      "sound": 1,
      "door": 0
    },
    {
      "c": [
        1728,
        1294,
        1728,
        1293
      ],
      "move": 1,
      "sense": 1,
      "sound": 1,
      "door": 0
    },
    {
      "c": [
        1728,
        1077,
        1728,
        1077
      ],
      "move": 1,
      "sense": 1,
      "sound": 1,
      "door": 0
    },
    {
      "c": [
        1728,
        788,
        1728,
        788
      ],
      "move": 1,
      "sense": 1,
      "sound": 1,
      "door": 0
    },
    {
      "c": [
        1800,
        1944,
        1800,
        1944
      ],
      "move": 1,
      "sense": 1,
      "sound": 1,
      "door": 0
    },
    {
      "c": [
        1872,
        1077,
        1873,
        1077
      ],
      "move": 1,
      "sense": 1,
      "sound": 1,
      "door": 0
    },
    {
      "c": [
        1872,
        1221,
        1873,
        1221
      ],
      "move": 1,
      "sense": 1,
      "sound": 1,
      "door": 0
    },
    {
      "c": [
        2089,
        2594,
        2089,
        2594
      ],
      "move": 1,
      "sense": 1,
      "sound": 1,
      "door": 0
    },
    {
      "c": [
        2089,
        2449,
        2089,
        2450
      ],
      "move": 1,
      "sense": 1,
      "sound": 1,
      "door": 0
    },
    {
      "c": [
        2161,
        2377,
        2162,
        2377
      ],
      "move": 1,
      "sense": 1,
      "sound": 1,
      "door": 0
    },
    {
      "c": [
        2161,
        1944,
        2162,
        1944
      ],
      "move": 1,
      "sense": 1,
      "sound": 1,
      "door": 0
    },
    {
      "c": [
        2161,
        1799,
        2162,
        1799
      ],
      "move": 1,
      "sense": 1,
      "sound": 1,
      "door": 0
    },
    {
      "c": [
        2161,
        1221,
        2162,
        1221
      ],
      "move": 1,
      "sense": 1,
      "sound": 1,
      "door": 0
    },
    {
      "c": [
        2161,
        1077,
        2162,
        1077
      ],
      "move": 1,
      "sense": 1,
      "sound": 1,
      "door": 0
    },
    {
      "c": [
        2306,
        2377,
        2306,
        2377
      ],
      "move": 1,
      "sense": 1,
      "sound": 1,
      "door": 0
    },
    {
      "c": [
        2378,
        1438,
        2378,
        1438
      ],
      "move": 1,
      "sense": 1,
      "sound": 1,
      "door": 0
    },
    {
      "c": [
        2378,
        1366,
        2378,
        1366
      ],
      "move": 1,
      "sense": 1,
      "sound": 1,
      "door": 0
    },
    {
      "c": [
        2450,
        2594,
        2451,
        2594
      ],
      "move": 1,
      "sense": 1,
      "sound": 1,
      "door": 0
    },
    {
      "c": [
        2450,
        2449,
        2451,
        2450
      ],
      "move": 1,
      "sense": 1,
      "sound": 1,
      "door": 0
    },
    {
      "c": [
        2450,
        1149,
        2451,
        1149
      ],
      "move": 1,
      "sense": 1,
      "sound": 1,
      "door": 0
    },
    {
      "c": [
        2450,
        1005,
        2451,
        1004
      ],
      "move": 1,
      "sense": 1,
      "sound": 1,
      "door": 0
    },
    {
      "c": [
        2523,
        1005,
        2523,
        1004
      ],
      "move": 1,
      "sense": 1,
      "sound": 1,
      "door": 0
    },
    {
      "c": [
        2595,
        1005,
        2595,
        1004
      ],
      "move": 1,
      "sense": 1,
      "sound": 1,
      "door": 0
    },
    {
      "c": [
        2667,
        1149,
        2667,
        1149
      ],
      "move": 1,
      "sense": 1,
      "sound": 1,
      "door": 0
    },
    {
      "c": [
        2667,
        1005,
        2667,
        1004
      ],
      "move": 1,
      "sense": 1,
      "sound": 1,
      "door": 0
    },
    {
      "c": [
        1555,
        1195,
        1540,
        1195
      ],
      "move": 1,
      "sense": 2,
      "sound": 1,
      "door": 0
    },
    {
      "c": [
        1546,
        1197,
        1536,
        1187
      ],
      "move": 1,
      "sense": 2,
      "sound": 1,
      "door": 0
    },
    {
      "c": [
        1538,
        1192,
        1538,
        1178
      ],
      "move": 1,
      "sense": 2,
      "sound": 1,
      "door": 0
    },
    {
      "c": [
        1536,
        1184,
        1546,
        1174
      ],
      "move": 1,
      "sense": 2,
      "sound": 1,
      "door": 0
    },
    {
      "c": [
        1540,
        1176,
        1555,
        1176
      ],
      "move": 1,
      "sense": 2,
      "sound": 1,
      "door": 0
    },
    {
      "c": [
        1549,
        1174,
        1559,
        1184
      ],
      "move": 1,
      "sense": 2,
      "sound": 1,
      "door": 0
    },
    {
      "c": [
        1557,
        1178,
        1557,
        1192
      ],
      "move": 1,
      "sense": 2,
      "sound": 1,
      "door": 0
    },
    {
      "c": [
        1559,
        1187,
        1549,
        1197
      ],
      "move": 1,
      "sense": 2,
      "sound": 1,
      "door": 0
    },
    {
      "c": [
        1699,
        1195,
        1685,
        1195
      ],
      "move": 1,
      "sense": 2,
      "sound": 1,
      "door": 0
    },
    {
      "c": [
        1690,
        1197,
        1680,
        1187
      ],
      "move": 1,
      "sense": 2,
      "sound": 1,
      "door": 0
    },
    {
      "c": [
        1683,
        1192,
        1683,
        1178
      ],
      "move": 1,
      "sense": 2,
      "sound": 1,
      "door": 0
    },
    {
      "c": [
        1680,
        1184,
        1690,
        1174
      ],
      "move": 1,
      "sense": 2,
      "sound": 1,
      "door": 0
    },
    {
      "c": [
        1685,
        1176,
        1699,
        1176
      ],
      "move": 1,
      "sense": 2,
      "sound": 1,
      "door": 0
    },
    {
      "c": [
        1693,
        1174,
        1704,
        1184
      ],
      "move": 1,
      "sense": 2,
      "sound": 1,
      "door": 0
    },
    {
      "c": [
        1701,
        1178,
        1701,
        1192
      ],
      "move": 1,
      "sense": 2,
      "sound": 1,
      "door": 0
    },
    {
      "c": [
        1704,
        1187,
        1693,
        1197
      ],
      "move": 1,
      "sense": 2,
      "sound": 1,
      "door": 0
    },
    {
      "c": [
        960,
        1987,
        960,
        1973
      ],
      "move": 1,
      "sense": 2,
      "sound": 1,
      "door": 0
    },
    {
      "c": [
        958,
        1978,
        968,
        1968
      ],
      "move": 1,
      "sense": 2,
      "sound": 1,
      "door": 0
    },
    {
      "c": [
        962,
        1971,
        977,
        1971
      ],
      "move": 1,
      "sense": 2,
      "sound": 1,
      "door": 0
    },
    {
      "c": [
        971,
        1968,
        981,
        1978
      ],
      "move": 1,
      "sense": 2,
      "sound": 1,
      "door": 0
    },
    {
      "c": [
        979,
        1973,
        979,
        1987
      ],
      "move": 1,
      "sense": 2,
      "sound": 1,
      "door": 0
    },
    {
      "c": [
        981,
        1981,
        971,
        1992
      ],
      "move": 1,
      "sense": 2,
      "sound": 1,
      "door": 0
    },
    {
      "c": [
        977,
        1989,
        962,
        1989
      ],
      "move": 1,
      "sense": 2,
      "sound": 1,
      "door": 0
    },
    {
      "c": [
        968,
        1992,
        958,
        1981
      ],
      "move": 1,
      "sense": 2,
      "sound": 1,
      "door": 0
    },
    {
      "c": [
        960,
        1770,
        960,
        1756
      ],
      "move": 1,
      "sense": 2,
      "sound": 1,
      "door": 0
    },
    {
      "c": [
        958,
        1762,
        968,
        1751
      ],
      "move": 1,
      "sense": 2,
      "sound": 1,
      "door": 0
    },
    {
      "c": [
        962,
        1754,
        977,
        1754
      ],
      "move": 1,
      "sense": 2,
      "sound": 1,
      "door": 0
    },
    {
      "c": [
        971,
        1751,
        981,
        1762
      ],
      "move": 1,
      "sense": 2,
      "sound": 1,
      "door": 0
    },
    {
      "c": [
        979,
        1756,
        979,
        1770
      ],
      "move": 1,
      "sense": 2,
      "sound": 1,
      "door": 0
    },
    {
      "c": [
        981,
        1765,
        971,
        1775
      ],
      "move": 1,
      "sense": 2,
      "sound": 1,
      "door": 0
    },
    {
      "c": [
        977,
        1772,
        962,
        1772
      ],
      "move": 1,
      "sense": 2,
      "sound": 1,
      "door": 0
    },
    {
      "c": [
        968,
        1775,
        958,
        1765
      ],
      "move": 1,
      "sense": 2,
      "sound": 1,
      "door": 0
    },
    {
      "c": [
        671,
        2637,
        671,
        2623
      ],
      "move": 1,
      "sense": 2,
      "sound": 1,
      "door": 0
    },
    {
      "c": [
        669,
        2628,
        679,
        2618
      ],
      "move": 1,
      "sense": 2,
      "sound": 1,
      "door": 0
    },
    {
      "c": [
        673,
        2621,
        688,
        2621
      ],
      "move": 1,
      "sense": 2,
      "sound": 1,
      "door": 0
    },
    {
      "c": [
        682,
        2618,
        692,
        2628
      ],
      "move": 1,
      "sense": 2,
      "sound": 1,
      "door": 0
    },
    {
      "c": [
        690,
        2623,
        690,
        2637
      ],
      "move": 1,
      "sense": 2,
      "sound": 1,
      "door": 0
    },
    {
      "c": [
        692,
        2631,
        682,
        2642
      ],
      "move": 1,
      "sense": 2,
      "sound": 1,
      "door": 0
    },
    {
      "c": [
        688,
        2639,
        673,
        2639
      ],
      "move": 1,
      "sense": 2,
      "sound": 1,
      "door": 0
    },
    {
      "c": [
        679,
        2642,
        669,
        2631
      ],
      "move": 1,
      "sense": 2,
      "sound": 1,
      "door": 0
    },
    {
      "c": [
        671,
        2420,
        671,
        2406
      ],
      "move": 1,
      "sense": 2,
      "sound": 1,
      "door": 0
    },
    {
      "c": [
        669,
        2412,
        679,
        2402
      ],
      "move": 1,
      "sense": 2,
      "sound": 1,
      "door": 0
    },
    {
      "c": [
        673,
        2404,
        688,
        2404
      ],
      "move": 1,
      "sense": 2,
      "sound": 1,
      "door": 0
    },
    {
      "c": [
        682,
        2402,
        692,
        2412
      ],
      "move": 1,
      "sense": 2,
      "sound": 1,
      "door": 0
    },
    {
      "c": [
        690,
        2406,
        690,
        2420
      ],
      "move": 1,
      "sense": 2,
      "sound": 1,
      "door": 0
    },
    {
      "c": [
        692,
        2415,
        682,
        2425
      ],
      "move": 1,
      "sense": 2,
      "sound": 1,
      "door": 0
    },
    {
      "c": [
        688,
        2423,
        673,
        2423
      ],
      "move": 1,
      "sense": 2,
      "sound": 1,
      "door": 0
    },
    {
      "c": [
        679,
        2425,
        669,
        2415
      ],
      "move": 1,
      "sense": 2,
      "sound": 1,
      "door": 0
    },
    {
      "c": [
        888,
        2637,
        888,
        2623
      ],
      "move": 1,
      "sense": 2,
      "sound": 1,
      "door": 0
    },
    {
      "c": [
        886,
        2628,
        896,
        2618
      ],
      "move": 1,
      "sense": 2,
      "sound": 1,
      "door": 0
    },
    {
      "c": [
        890,
        2621,
        905,
        2621
      ],
      "move": 1,
      "sense": 2,
      "sound": 1,
      "door": 0
    },
    {
      "c": [
        899,
        2618,
        909,
        2628
      ],
      "move": 1,
      "sense": 2,
      "sound": 1,
      "door": 0
    },
    {
      "c": [
        907,
        2623,
        907,
        2637
      ],
      "move": 1,
      "sense": 2,
      "sound": 1,
      "door": 0
    },
    {
      "c": [
        909,
        2631,
        899,
        2642
      ],
      "move": 1,
      "sense": 2,
      "sound": 1,
      "door": 0
    },
    {
      "c": [
        905,
        2639,
        890,
        2639
      ],
      "move": 1,
      "sense": 2,
      "sound": 1,
      "door": 0
    },
    {
      "c": [
        896,
        2642,
        886,
        2631
      ],
      "move": 1,
      "sense": 2,
      "sound": 1,
      "door": 0
    },
    {
      "c": [
        888,
        2420,
        888,
        2406
      ],
      "move": 1,
      "sense": 2,
      "sound": 1,
      "door": 0
    },
    {
      "c": [
        886,
        2412,
        896,
        2402
      ],
      "move": 1,
      "sense": 2,
      "sound": 1,
      "door": 0
    },
    {
      "c": [
        890,
        2404,
        905,
        2404
      ],
      "move": 1,
      "sense": 2,
      "sound": 1,
      "door": 0
    },
    {
      "c": [
        899,
        2402,
        909,
        2412
      ],
      "move": 1,
      "sense": 2,
      "sound": 1,
      "door": 0
    },
    {
      "c": [
        907,
        2406,
        907,
        2420
      ],
      "move": 1,
      "sense": 2,
      "sound": 1,
      "door": 0
    },
    {
      "c": [
        909,
        2415,
        899,
        2425
      ],
      "move": 1,
      "sense": 2,
      "sound": 1,
      "door": 0
    },
    {
      "c": [
        905,
        2423,
        890,
        2423
      ],
      "move": 1,
      "sense": 2,
      "sound": 1,
      "door": 0
    },
    {
      "c": [
        896,
        2425,
        886,
        2415
      ],
      "move": 1,
      "sense": 2,
      "sound": 1,
      "door": 0
    },
    {
      "c": [
        2783,
        1122,
        2768,
        1122
      ],
      "move": 1,
      "sense": 2,
      "sound": 1,
      "door": 0
    },
    {
      "c": [
        2774,
        1125,
        2764,
        1114
      ],
      "move": 1,
      "sense": 2,
      "sound": 1,
      "door": 0
    },
    {
      "c": [
        2766,
        1120,
        2766,
        1106
      ],
      "move": 1,
      "sense": 2,
      "sound": 1,
      "door": 0
    },
    {
      "c": [
        2764,
        1112,
        2774,
        1101
      ],
      "move": 1,
      "sense": 2,
      "sound": 1,
      "door": 0
    },
    {
      "c": [
        2768,
        1104,
        2783,
        1104
      ],
      "move": 1,
      "sense": 2,
      "sound": 1,
      "door": 0
    },
    {
      "c": [
        2777,
        1101,
        2787,
        1112
      ],
      "move": 1,
      "sense": 2,
      "sound": 1,
      "door": 0
    },
    {
      "c": [
        2785,
        1106,
        2785,
        1120
      ],
      "move": 1,
      "sense": 2,
      "sound": 1,
      "door": 0
    },
    {
      "c": [
        2787,
        1114,
        2777,
        1125
      ],
      "move": 1,
      "sense": 2,
      "sound": 1,
      "door": 0
    },
    {
      "c": [
        2783,
        978,
        2768,
        978
      ],
      "move": 1,
      "sense": 2,
      "sound": 1,
      "door": 0
    },
    {
      "c": [
        2774,
        980,
        2764,
        970
      ],
      "move": 1,
      "sense": 2,
      "sound": 1,
      "door": 0
    },
    {
      "c": [
        2766,
        976,
        2766,
        961
      ],
      "move": 1,
      "sense": 2,
      "sound": 1,
      "door": 0
    },
    {
      "c": [
        2764,
        967,
        2774,
        957
      ],
      "move": 1,
      "sense": 2,
      "sound": 1,
      "door": 0
    },
    {
      "c": [
        2768,
        959,
        2783,
        959
      ],
      "move": 1,
      "sense": 2,
      "sound": 1,
      "door": 0
    },
    {
      "c": [
        2777,
        957,
        2787,
        967
      ],
      "move": 1,
      "sense": 2,
      "sound": 1,
      "door": 0
    },
    {
      "c": [
        2785,
        961,
        2785,
        976
      ],
      "move": 1,
      "sense": 2,
      "sound": 1,
      "door": 0
    },
    {
      "c": [
        2787,
        970,
        2777,
        980
      ],
      "move": 1,
      "sense": 2,
      "sound": 1,
      "door": 0
    },
    {
      "c": [
        2927,
        1122,
        2913,
        1122
      ],
      "move": 1,
      "sense": 2,
      "sound": 1,
      "door": 0
    },
    {
      "c": [
        2918,
        1125,
        2908,
        1114
      ],
      "move": 1,
      "sense": 2,
      "sound": 1,
      "door": 0
    },
    {
      "c": [
        2911,
        1120,
        2911,
        1106
      ],
      "move": 1,
      "sense": 2,
      "sound": 1,
      "door": 0
    },
    {
      "c": [
        2908,
        1112,
        2918,
        1101
      ],
      "move": 1,
      "sense": 2,
      "sound": 1,
      "door": 0
    },
    {
      "c": [
        2913,
        1104,
        2927,
        1104
      ],
      "move": 1,
      "sense": 2,
      "sound": 1,
      "door": 0
    },
    {
      "c": [
        2921,
        1101,
        2932,
        1112
      ],
      "move": 1,
      "sense": 2,
      "sound": 1,
      "door": 0
    },
    {
      "c": [
        2929,
        1106,
        2929,
        1120
      ],
      "move": 1,
      "sense": 2,
      "sound": 1,
      "door": 0
    },
    {
      "c": [
        2932,
        1114,
        2921,
        1125
      ],
      "move": 1,
      "sense": 2,
      "sound": 1,
      "door": 0
    },
    {
      "c": [
        2927,
        978,
        2913,
        978
      ],
      "move": 1,
      "sense": 2,
      "sound": 1,
      "door": 0
    },
    {
      "c": [
        2918,
        980,
        2908,
        970
      ],
      "move": 1,
      "sense": 2,
      "sound": 1,
      "door": 0
    },
    {
      "c": [
        2911,
        976,
        2911,
        961
      ],
      "move": 1,
      "sense": 2,
      "sound": 1,
      "door": 0
    },
    {
      "c": [
        2908,
        967,
        2918,
        957
      ],
      "move": 1,
      "sense": 2,
      "sound": 1,
      "door": 0
    },
    {
      "c": [
        2913,
        959,
        2927,
        959
      ],
      "move": 1,
      "sense": 2,
      "sound": 1,
      "door": 0
    },
    {
      "c": [
        2921,
        957,
        2932,
        967
      ],
      "move": 1,
      "sense": 2,
      "sound": 1,
      "door": 0
    },
    {
      "c": [
        2929,
        961,
        2929,
        976
      ],
      "move": 1,
      "sense": 2,
      "sound": 1,
      "door": 0
    },
    {
      "c": [
        2932,
        970,
        2921,
        980
      ],
      "move": 1,
      "sense": 2,
      "sound": 1,
      "door": 0
    }
  ],
  "img": null,
  "foreground": null
}