{
  "name": "RandomCrypt004",
  "width": 3240,
  "height": 2088,
  "grid": 72,
  "shiftX": 0,
  "shiftY": 0,
  "gridDistance": 5.0,
  "gridUnits": "ft",
  "padding": 0.0,
  "gridColor": "#000000",
  "gridAlpha": 0.2,
  "globalLight": true,
  "darkness": 0.0,
  "lights": [
    {
      "x": 2211,
      "y": 1115,
      "dim": 25.0,
      "bright": 12.5,
      "tintColor": "#FF9A00",
      "tintAlpha": 0.0
    },
    {
      "x": 2149,
      "y": 830,
      "dim": 20.0,
      "bright": 10.0,
      "tintColor": "#FFAD40",
      "tintAlpha": 0.0
    },
    {
      "x": 754,
      "y": 934,
      "dim": 20.0,
      "bright": 10.0,
      "tintColor": "#FFAD40",
      "tintAlpha": 0.0
    },
    {
      "x": 1042,
      "y": 1439,
      "dim": 20.0,
      "bright": 10.0,
      "tintColor": "#FFAD40",
      "tintAlpha": 0.0
    },
    {
      "x": 1258,
      "y": 594,
      "dim": 25.0,
      "bright": 12.5,
      "tintColor": "#FF9800",
      "tintAlpha": 0.0
    },
    {
      "x": 1223,
      "y": 828,
      "dim": 20.0,
      "bright": 10.0,
      "tintColor": "#FFAD40",
      "tintAlpha": 0.0
    },
    {
      "x": 2254,
      "y": 1044,
      "dim": 25.0,
      "bright": 12.5,
      "tintColor": "#FF9800",
      "tintAlpha": 0.0
    },
    {
      "x": 1908,
      "y": 1244,
      "dim": 25.0,
      "bright": 12.5,
      "tintColor": "#FF9800",
      "tintAlpha": 0.0
    },
    {
      "x": 825,
      "y": 883,
      "dim": 25.0,
      "bright": 12.5,
      "tintColor": "#FF9800",
      "tintAlpha": 0.0
    },
    {
      "x": 442,
      "y": 1256,
      "dim": 20.0,
      "bright": 10.0,
      "tintColor": "#FFAD40",
      "tintAlpha": 0.0
    },
    {
      "x": 1326,
      "y": 515,
      "dim": 20.0,
      "bright": 10.0,
      "tintColor": "#FFAD40",
      "tintAlpha": 0.0
    },
    {
      "x": 1640,
      "y": 1405,
      "dim": 20.0,
      "bright": 10.0,
      "tintColor": "#FFC140",
      "tintAlpha": 0.0
    },
    {
      "x": 1335,
      "y": 1594,
      "dim": 20.0,
      "bright": 10.0,
      "tintColor": "#FFAD40",
      "tintAlpha": 0.0
    },
    {
      "x": 2303,
      "y": 1583,
      "dim": 20.0,
      "bright": 10.0,
      "tintColor": "#FFAD40",
      "tintAlpha": 0.0
    },
    {
      "x": 1860,
      "y": 317,
      "dim": 20.0,
      "bright": 10.0,
      "tintColor": "#FFAD40",
      "tintAlpha": 0.0
    },
    {
      "x": 1955,
      "y": 1761,
      "dim": 20.0,
      "bright": 10.0,
      "tintColor": "#FFAD40",
      "tintAlpha": 0.0
    },
    {
      "x": 2850,
      "y": 1427,
      "dim": 20.0,
      "bright": 10.0,
      "tintColor": "#FFAD40",
      "tintAlpha": 0.0
    },
    {
      "x": 401,
      "y": 634,
      "dim": 20.0,
      "bright": 10.0,
      "tintColor": "#FFAD40",
      "tintAlpha": 0.0
    },
    {
      "x": 1187,
      "y": 1529,
      "dim": 20.0,
      "bright": 10.0,
      "tintColor": "#FFC140",
      "tintAlpha": 0.0
    },
    {
      "x": 753,
      "y": 1641,
      "dim": 20.0,
      "bright": 10.0,
      "tintColor": "#FFC140",
      "tintAlpha": 0.0
    },
    {
      "x": 1186,
      "y": 1641,
      "dim": 20.0,
      "bright": 10.0,
      "tintColor": "#FFC140",
      "tintAlpha": 0.0
    },
    {
      "x": 689,
      "y": 1427,
      "dim": 20.0,
      "bright": 10.0,
      "tintColor": "#FFAD40",
      "tintAlpha": 0.0
    },
    {
      "x": 1027,
      "y": 1405,
      "dim": 25.0,
      "bright": 12.5,
      "tintColor": "#FF9800",
      "tintAlpha": 0.0
    },
    {
      "x": 1114,
      "y": 594,
      "dim": 25.0,
      "bright": 12.5,
      "tintColor": "#FF9800",
      "tintAlpha": 0.0
    },
    {
      "x": 1620,
      "y": 840,
      "dim": 25.0,
      "bright": 12.5,
      "tintColor": "#FF9A00",
      "tintAlpha": 0.0
    },
    {
      "x": 1640,
      "y": 1694,
      "dim": 20.0,
      "bright": 10.0,
      "tintColor": "#FFC140",
      "tintAlpha": 0.0
    },
    {
      "x": 1027,
      "y": 1261,
      "dim": 25.0,
      "bright": 12.5,
      "tintColor": "#FF9800",
      "tintAlpha": 0.0
    },
    {
      "x": 825,
      "y": 1529,
      "dim": 20.0,
      "bright": 10.0,
      "tintColor": "#FFC140",
      "tintAlpha": 0.0
    },
    {
      "x": 614,
      "y": 460,
      "dim": 20.0,
      "bright": 10.0,
      "tintColor": "#FFAD40",
      "tintAlpha": 0.0
    },
    {
      "x": 701,
      "y": 749,
      "dim": 20.0,
      "bright": 10.0,
      "tintColor": "#FFAD40",
      "tintAlpha": 0.0
    },
    {
      "x": 1021,
      "y": 467,
      "dim": 20.0,
      "bright": 10.0,
      "tintColor": "#FFAD40",
      "tintAlpha": 0.0
    },
    {
      "x": 970,
      "y": 764,
      "dim": 20.0,
      "bright": 10.0,
      "tintColor": "#FFAD40",
      "tintAlpha": 0.0
    },
    {
      "x": 897,
      "y": 1482,
      "dim": 20.0,
      "bright": 10.0,
      "tintColor": "#FFAD40",
      "tintAlpha": 0.0
    },
    {
      "x": 894,
      "y": 1256,
      "dim": 20.0,
      "bright": 10.0,
      "tintColor": "#FFAD40",
      "tintAlpha": 0.0
    },
    {
      "x": 737,
      "y": 1345,
      "dim": 20.0,
      "bright": 10.0,
      "tintColor": "#FFAD40",
      "tintAlpha": 0.0
    },
    {
      "x": 1980,
      "y": 899,
      "dim": 25.0,
      "bright": 12.5,
      "tintColor": "#FFAD40",
      "tintAlpha": 0.0
    },
    {
      "x": 1982,
      "y": 970,
      "dim": 25.0,
      "bright": 12.5,
      "tintColor": "#FFAD40",
      "tintAlpha": 0.0
    },
    {
      "x": 1910,
      "y": 1203,
      "dim": 25.0,
      "bright": 12.5,
      "tintColor": "#FF9800",
      "tintAlpha": 0.0
    },
    {
      "x": 1908,
      "y": 1100,
      "dim": 25.0,
      "bright": 12.5,
      "tintColor": "#FF9800",
      "tintAlpha": 0.0
    },
    {
      "x": 1679,
      "y": 1549,
      "dim": 25.0,
      "bright": 12.5,
      "tintColor": "#FF9A00",
      "tintAlpha": 0.0
    },
    {
      "x": 1765,
      "y": 1781,
      "dim": 25.0,
      "bright": 12.5,
      "tintColor": "#FF9800",
      "tintAlpha": 0.0
    }
  ],
  "walls": [
    {
      "c": [
        283,
        1296,
        283,
        718
      ],
      "move": 1,
      "sense": 1,
      "sound": 1,
      "door": 0
    },
    {
      "c": [
        283,
        1296,
        645,
        1296
      ],
      "move": 1,
      "sense": 1,
      "sound": 1,
      "door": 0
    },
    {
      "c": [
        283,
        790,
        356,
        790
      ],
      "move": 1,
      "sense": 1,
      "sound": 1,
      "door": 1
    },
    {
      "c": [
        283,
        718,
        283,
        284
      ],
      "move": 1,
      "sense": 1,
      "sound": 1,
      "door": 0
    },
    {
      "c": [
        283,
        284,
        1295,
        284
      ],
      "move": 1,
      "sense": 1,
      "sound": 1,
      "door": 0
    },
    {
      "c": [
        356,
        790,
        428,
        790
      ],
      "move": 1,
      "sense": 1,
      "sound": 1,
      "door": 0
    },
    {
      "c": [
        428,
        790,
        572,
        790
      ],
      "move": 1,
      "sense": 1,
      "sound": 1,
      "door": 1
    },
    {
      "c": [
        428,
        790,
        428,
        429
      ],
      "move": 1,
      "sense": 1,
      "sound": 1,
      "door": 0
    },
    {
      "c": [
        428,
        429,
        1295,
        429
      ],
      "move": 1,
      "sense": 1,
      "sound": 1,
      "door": 0
    },
    {
      "c": [
        572,
        790,
        717,
        790
      ],
      "move": 1,
      "sense": 1,
      "sound": 1,
      "door": 0
    },
    {
      "c": [
        645,
        1657,
        645,
        1296
      ],
      "move": 1,
      "sense": 1,
      "sound": 1,
      "door": 0
    },
    {
      "c": [
        645,
        1657,
        1295,
        1657
      ],
      "move": 1,
      "sense": 1,
      "sound": 1,
      "door": 0
    },
    {
      "c": [
        645,
        1296,
        717,
        1296
      ],
      "move": 1,
      "sense": 1,
      "sound": 1,
      "door": 1
    },
    {
      "c": [
        717,
        1513,
        717,
        1296
      ],
      "move": 1,
      "sense": 1,
      "sound": 1,
      "door": 0
    },
    {
      "c": [
        717,
        1513,
        789,
        1513
      ],
      "move": 1,
      "sense": 1,
      "sound": 1,
      "door": 1
    },
    {
      "c": [
        717,
        1296,
        717,
        1224
      ],
      "move": 1,
      "sense": 1,
      "sound": 1,
      "door": 0
    },
    {
      "c": [
        717,
        1224,
        1006,
        1224
      ],
      "move": 1,
      "sense": 1,
      "sound": 1,
      "door": 0
    },
    {
      "c": [
        717,
        1224,
        717,
        862
      ],
      "move": 1,
      "sense": 1,
      "sound": 1,
      "door": 0
    },
    {
      "c": [
        717,
        862,
        1006,
        862
      ],
      "move": 1,
      "sense": 1,
      "sound": 1,
      "door": 0
    },
    {
      "c": [
        717,
        862,
        717,
        790
      ],
      "move": 1,
      "sense": 1,
      "sound": 1,
      "door": 0
    },
    {
      "c": [
        789,
        1513,
        1006,
        1513
      ],
      "move": 1,
      "sense": 1,
      "sound": 1,
      "door": 0
    },
    {
      "c": [
        1006,
        1513,
        1006,
        1224
      ],
      "move": 1,
      "sense": 1,
      "sound": 1,
      "door": 0
    },
    {
      "c": [
        1006,
        1513,
        1295,
        1513
      ],
      "move": 1,
      "sense": 1,
      "sound": 1,
      "door": 0
    },
    {
      "c": [
        1006,
        1224,
        1078,
        1224
      ],
      "move": 1,
      "sense": 1,
      "sound": 1,
      "door": 1
    },
    {
      "c": [
        1006,
        862,
        1078,
        862
      ],
      "move": 1,
      "sense": 1,
      "sound": 1,
      "door": 1
    },
    {
      "c": [
        1006,
        862,
        1006,
        573
      ],
      "move": 1,
      "sense": 1,
      "sound": 1,
      "door": 0
    },
    {
      "c": [
        1006,
        573,
        1295,
        573
      ],
      "move": 1,
      "sense": 1,
      "sound": 1,
      "door": 0
    },
    {
      "c": [
        1078,
        1224,
        1078,
        1079
      ],
      "move": 1,
      "sense": 1,
      "sound": 1,
      "door": 0
    },
    {
      "c": [
        1078,
        1224,
        1295,
        1224
      ],
      "move": 1,
      "sense": 1,
      "sound": 1,
      "door": 0
    },
    {
      "c": [
        1078,
        1079,
        1078,
        1007
      ],
      "move": 1,
      "sense": 1,
      "sound": 1,
      "door": 1
    },
    {
      "c": [
        1078,
        1079,
        1439,
        1079
      ],
      "move": 1,
      "sense": 1,
      "sound": 1,
      "door": 0
    },
    {
      "c": [
        1078,
        1007,
        1078,
        862
      ],
      "move": 1,
      "sense": 1,
      "sound": 1,
      "door": 0
    },
    {
      "c": [
        1078,
        1007,
        1223,
        1007
      ],
      "move": 1,
      "sense": 1,
      "sound": 1,
      "door": 0
    },
    {
      "c": [
        1078,
        862,
        1367,
        862
      ],
      "move": 1,
      "sense": 1,
      "sound": 1,
      "door": 0
    },
    {
      "c": [
        1295,
        1802,
        1295,
        1657
      ],
      "move": 1,
      "sense": 1,
      "sound": 1,
      "door": 0
    },
    {
      "c": [
        1295,
        1802,
        1728,
        1802
      ],
      "move": 1,
      "sense": 1,
      "sound": 1,
      "door": 0
    },
    {
      "c": [
        1295,
        1657,
        1295,
        1585
      ],
      "move": 1,
      "sense": 1,
      "sound": 1,
      "door": 0
    },
    {
      "c": [
        1295,
        1585,
        1295,
        1513
      ],
      "move": 1,
      "sense": 1,
      "sound": 1,
      "door": 1
    },
    {
      "c": [
        1295,
        1513,
        1295,
        1296
      ],
      "move": 1,
      "sense": 1,
      "sound": 1,
      "door": 0
    },
    {
      "c": [
        1295,
        1296,
        1295,
        1224
      ],
      "move": 1,
      "sense": 1,
      "sound": 1,
      "door": 1
    },
    {
      "c": [
        1295,
        1296,
        1656,
        1296
      ],
      "move": 1,
      "sense": 1,
      "sound": 1,
      "door": 0
    },
    {
      "c": [
        1295,
        1224,
        1439,
        1224
      ],
      "move": 1,
      "sense": 1,
      "sound": 1,
      "door": 0
    },
    {
      "c": [
        1295,
        862,
        1295,
        790
      ],
      "move": 1,
      "sense": 1,
      "sound": 1,
      "door": 1
    },
    {
      "c": [
        1295,
        790,
        1656,
        790
      ],
      "move": 1,
      "sense": 1,
      "sound": 1,
      "door": 0
    },
    {
      "c": [
        1295,
        790,
        1295,
        573
      ],
      "move": 1,
      "sense": 1,
      "sound": 1,
      "door": 0
    },
    {
      "c": [
        1295,
        573,
        1295,
        429
      ],
      "move": 1,
      "sense": 1,
      "sound": 1,
      "door": 0
    },
    {
      "c": [
        1295,
        429,
        1295,
        357
      ],
      "move": 1,
      "sense": 1,
      "sound": 1,
      "door": 1
    },
    {
      "c": [
        1295,
        357,
        1295,
        284
      ],
      "move": 1,
      "sense": 1,
      "sound": 1,
      "door": 0
    },
    {
      "c": [
        1295,
        284,
        1656,
        284
      ],
      "move": 1,
      "sense": 1,
      "sound": 1,
      "door": 0
    },
    {
      "c": [
        1367,
        1007,
        1439,
        1007
      ],
      "move": 1,
      "sense": 1,
      "sound": 1,
      "door": 0
    },
    {
      "c": [
        1367,
        862,
        1439,
        862
      ],
      "move": 1,
      "sense": 1,
      "sound": 1,
      "door": 0
    },
    {
      "c": [
        1439,
        1224,
        1512,
        1224
      ],
      "move": 1,
      "sense": 1,
      "sound": 1,
      "door": 1
    },
    {
      "c": [
        1439,
        1151,
        1439,
        1079
      ],
      "move": 1,
      "sense": 1,
      "sound": 1,
      "door": 0
    },
    {
      "c": [
        1439,
        1079,
        1439,
        1007
      ],
      "move": 1,
      "sense": 1,
      "sound": 1,
      "door": 1
    },
    {
      "c": [
        1439,
        1007,
        1439,
        862
      ],
      "move": 1,
      "sense": 1,
      "sound": 1,
      "door": 0
    },
    {
      "c": [
        1439,
        862,
        1512,
        862
      ],
      "move": 1,
      "sense": 1,
      "sound": 1,
      "door": 1
    },
    {
      "c": [
        1512,
        1224,
        1656,
        1224
      ],
      "move": 1,
      "sense": 1,
      "sound": 1,
      "door": 0
    },
    {
      "c": [
        1512,
        862,
        1656,
        862
      ],
      "move": 1,
      "sense": 1,
      "sound": 1,
      "door": 0
    },
    {
      "c": [
        1584,
        1079,
        2090,
        1079
      ],
      "move": 1,
      "sense": 1,
      "sound": 1,
      "door": 0
    },
    {
      "c": [
        1584,
        1079,
        1584,
        1007
      ],
      "move": 1,
      "sense": 1,
      "sound": 1,
      "door": 1
    },
    {
      "c": [
        1584,
        1007,
        2090,
        1007
      ],
      "move": 1,
      "sense": 1,
      "sound": 1,
      "door": 0
    },
    {
      "c": [
        1656,
        1802,
        1656,
        1729
      ],
      "move": 1,
      "sense": 1,
      "sound": 1,
      "door": 1
    },
    {
      "c": [
        1656,
        1729,
        1656,
        1657
      ],
      "move": 1,
      "sense": 1,
      "sound": 1,
      "door": 0
    },
    {
      "c": [
        1656,
        1657,
        1656,
        1585
      ],
      "move": 1,
      "sense": 1,
      "sound": 1,
      "door": 1
    },
    {
      "c": [
        1656,
        1585,
        2090,
        1585
      ],
      "move": 1,
      "sense": 1,
      "sound": 1,
      "door": 0
    },
    {
      "c": [
        1656,
        1585,
        1656,
        1296
      ],
      "move": 1,
      "sense": 1,
      "sound": 1,
      "door": 0
    },
    {
      "c": [
        1656,
        1296,
        1656,
        1224
      ],
      "move": 1,
      "sense": 1,
      "sound": 1,
      "door": 1
    },
    {
      "c": [
        1656,
        1224,
        2090,
        1224
      ],
      "move": 1,
      "sense": 1,
      "sound": 1,
      "door": 0
    },
    {
      "c": [
        1656,
        862,
        1656,
        790
      ],
      "move": 1,
      "sense": 1,
      "sound": 1,
      "door": 1
    },
    {
      "c": [
        1656,
        862,
        2090,
        862
      ],
      "move": 1,
      "sense": 1,
      "sound": 1,
      "door": 0
    },
    {
      "c": [
        1656,
        790,
        1656,
        501
      ],
      "move": 1,
      "sense": 1,
      "sound": 1,
      "door": 0
    },
    {
      "c": [
        1656,
        501,
        2090,
        501
      ],
      "move": 1,
      "sense": 1,
      "sound": 1,
      "door": 0
    },
    {
      "c": [
        1656,
        429,
        1656,
        357
      ],
      "move": 1,
      "sense": 1,
      "sound": 1,
      "door": 0
    },
    {
      "c": [
        1656,
        429,
        2162,
        429
      ],
      "move": 1,
      "sense": 1,
      "sound": 1,
      "door": 0
    },
    {
      "c": [
        1656,
        357,
        1656,
        284
      ],
      "move": 1,
      "sense": 1,
      "sound": 1,
      "door": 1
    },
    {
      "c": [
        1656,
        284,
        2162,
        284
      ],
      "move": 1,
      "sense": 1,
      "sound": 1,
      "door": 0
    },
    {
      "c": [
        1728,
        1802,
        2162,
        1802
      ],
      "move": 1,
      "sense": 1,
      "sound": 1,
      "door": 0
    },
    {
      "c": [
        1728,
        1657,
        2162,
        1657
      ],
      "move": 1,
      "sense": 1,
      "sound": 1,
      "door": 0
    },
    {
      "c": [
        2090,
        1585,
        2090,
        1368
      ],
      "move": 1,
      "sense": 1,
      "sound": 1,
      "door": 0
    },
    {
      "c": [
        2090,
        1368,
        2234,
        1368
      ],
      "move": 1,
      "sense": 1,
      "sound": 1,
      "door": 0
    },
    {
      "c": [
        2090,
        1368,
        2090,
        1296
      ],
      "move": 1,
      "sense": 1,
      "sound": 1,
      "door": 1
    },
    {
      "c": [
        2090,
        1296,
        2090,
        1224
      ],
      "move": 1,
      "sense": 1,
      "sound": 1,
      "door": 0
    },
    {
      "c": [
        2090,
        1224,
        2090,
        1079
      ],
      "move": 1,
      "sense": 1,
      "sound": 1,
      "door": 0
    },
    {
      "c": [
        2090,
        1079,
        2162,
        1079
      ],
      "move": 1,
      "sense": 1,
      "sound": 1,
      "door": 1
    },
    {
      "c": [
        2090,
        1007,
        2162,
        1007
      ],
      "move": 1,
      "sense": 1,
      "sound": 1,
      "door": 1
    },
    {
      "c": [
        2090,
        1007,
        2090,
        862
      ],
      "move": 1,
      "sense": 1,
      "sound": 1,
      "door": 0
    },
    {
      "c": [
        2090,
        862,
        2090,
        790
      ],
      "move": 1,
      "sense": 1,
      "sound": 1,
      "door": 1
    },
    {
      "c": [
        2090,
        790,
        2234,
        790
      ],
      "move": 1,
      "sense": 1,
      "sound": 1,
      "door": 0
    },
    {
      "c": [
        2090,
        790,
        2090,
        501
      ],
      "move": 1,
      "sense": 1,
      "sound": 1,
      "door": 0
    },
    {
      "c": [
        2162,
        1802,
        2162,
        1729
      ],
      "move": 1,
      "sense": 1,
      "sound": 1,
      "door": 1
    },
    {
      "c": [
        2162,
        1802,
        2957,
        1802
      ],
      "move": 1,
      "sense": 1,
      "sound": 1,
      "door": 0
    },
    {
      "c": [
        2162,
        1729,
        2162,
        1657
      ],
      "move": 1,
      "sense": 1,
      "sound": 1,
      "door": 0
    },
    {
      "c": [
        2162,
        1657,
        2162,
        1440
      ],
      "move": 1,
      "sense": 1,
      "sound": 1,
      "door": 0
    },
    {
      "c": [
        2162,
        1440,
        2234,
        1440
      ],
      "move": 1,
      "sense": 1,
      "sound": 1,
      "door": 0
    },
    {
      "c": [
        2162,
        1079,
        2234,
        1079
      ],
      "move": 1,
      "sense": 1,
      "sound": 1,
      "door": 0
    },
    {
      "c": [
        2162,
        1079,
        2162,
        1007
      ],
      "move": 1,
      "sense": 1,
      "sound": 1,
      "door": 0
    },
    {
      "c": [
        2162,
        1007,
        2234,
        1007
      ],
      "move": 1,
      "sense": 1,
      "sound": 1,
      "door": 0
    },
    {
      "c": [
        2162,
        718,
        2234,
        718
      ],
      "move": 1,
      "sense": 1,
      "sound": 1,
      "door": 0
    },
    {
      "c": [
        2162,
        718,
        2162,
        429
      ],
      "move": 1,
      "sense": 1,
      "sound": 1,
      "door": 0
    },
    {
      "c": [
        2162,
        429,
        2162,
        357
      ],
      "move": 1,
      "sense": 1,
      "sound": 1,
      "door": 0
    },
    {
      "c": [
        2162,
        357,
        2162,
        284
      ],
      "move": 1,
      "sense": 1,
      "sound": 1,
      "door": 1
    },
    {
      "c": [
        2162,
        284,
        2957,
        284
      ],
      "move": 1,
      "sense": 1,
      "sound": 1,
      "door": 0
    },
    {
      "c": [
        2234,
        1440,
        2234,
        1368
      ],
      "move": 1,
      "sense": 1,
      "sound": 1,
      "door": 0
    },
    {
      "c": [
        2234,
        1440,
        2668,
        1440
      ],
      "move": 1,
      "sense": 1,
      "sound": 1,
      "door": 0
    },
    {
      "c": [
        2234,
        1151,
        2234,
        1079
      ],
      "move": 1,
      "sense": 1,
      "sound": 1,
      "door": 0
    },
    {
      "c": [
        2234,
        1079,
        2234,
        1007
      ],
      "move": 1,
      "sense": 1,
      "sound": 1,
      "door": 0
    },
    {
      "c": [
        2234,
        790,
        2234,
        718
      ],
      "move": 1,
      "sense": 1,
      "sound": 1,
      "door": 0
    },
    {
      "c": [
        2234,
        718,
        2668,
        718
      ],
      "move": 1,
      "sense": 1,
      "sound": 1,
      "door": 0
    },
    {
      "c": [
        2668,
        1440,
        2668,
        1224
      ],
      "move": 1,
      "sense": 1,
      "sound": 1,
      "door": 0
    },
    {
      "c": [
        2668,
        1440,
        2740,
        1440
      ],
      "move": 1,
      "sense": 1,
      "sound": 1,
      "door": 0
    },
    {
      "c": [
        2668,
        1224,
        2740,
        1224
      ],
      "move": 1,
      "sense": 1,
      "sound": 1,
      "door": 0
    },
    {
      "c": [
        2668,
        1224,
        2668,
        1151
      ],
      "move": 1,
      "sense": 1,
      "sound": 1,
      "door": 0
    },
    {
      "c": [
        2668,
        1151,
        2668,
        1007
      ],
      "move": 1,
      "sense": 1,
      "sound": 1,
      "door": 1
    },
    {
      "c": [
        2668,
        1007,
        2668,
        935
      ],
      "move": 1,
      "sense": 1,
      "sound": 1,
      "door": 0
    },
    {
      "c": [
        2668,
        935,
        2812,
        935
      ],
      "move": 1,
      "sense": 1,
      "sound": 1,
      "door": 0
    },
    {
      "c": [
        2668,
        935,
        2668,
        718
      ],
      "move": 1,
      "sense": 1,
      "sound": 1,
      "door": 0
    },
    {
      "c": [
        2668,
        718,
        2740,
        718
      ],
      "move": 1,
      "sense": 1,
      "sound": 1,
      "door": 0
    },
    {
      "c": [
        2740,
        1440,
        2740,
        1224
      ],
      "move": 1,
      "sense": 1,
      "sound": 1,
      "door": 0
    },
    {
      "c": [
        2740,
        1440,
        2812,
        1440
      ],
      "move": 1,
      "sense": 1,
      "sound": 1,
      "door": 1
    },
    {
      "c": [
        2740,
        1224,
        2812,
        1224
      ],
      "move": 1,
      "sense": 1,
      "sound": 1,
      "door": 0
    },
    {
      "c": [
        2740,
        935,
        2740,
        862
      ],
      "move": 1,
      "sense": 1,
      "sound": 1,
      "door": 0
    },
    {
      "c": [
        2740,
        862,
        2740,
        718
      ],
      "move": 1,
      "sense": 1,
      "sound": 1,
      "door": 0
    },
    {
      "c": [
        2740,
        718,
        2812,
        718
      ],
      "move": 1,
      "sense": 1,
      "sound": 1,
      "door": 1
    },
    {
      "c": [
        2812,
        1440,
        2957,
        1440
      ],
      "move": 1,
      "sense": 1,
      "sound": 1,
      "door": 0
    },
    {
      "c": [
        2812,
        1224,
        2884,
        1224
      ],
      "move": 1,
      "sense": 1,
      "sound": 1,
      "door": 1
    },
    {
      "c": [
        2812,
        935,
        2884,
        935
      ],
      "move": 1,
      "sense": 1,
      "sound": 1,
      "door": 1
    },
    {
      "c": [
        2812,
        718,
        2884,
        718
      ],
      "move": 1,
      "sense": 1,
      "sound": 1,
      "door": 0
    },
    {
      "c": [
        2884,
        1440,
        2884,
        1368
      ],
      "move": 1,
      "sense": 1,
      "sound": 1,
      "door": 0
    },
    {
      "c": [
        2884,
        1368,
        2884,
        1224
      ],
      "move": 1,
      "sense": 1,
      "sound": 1,
      "door": 0
    },
    {
      "c": [
        2884,
        1224,
        2957,
        1224
      ],
      "move": 1,
      "sense": 1,
      "sound": 1,
      "door": 0
    },
    {
      "c": [
        2884,
        935,
        2884,
        718
      ],
      "move": 1,
      "sense": 1,
      "sound": 1,
      "door": 0
    },
    {
      "c": [
        2884,
        935,
        2957,
        935
      ],
      "move": 1,
      "sense": 1,
      "sound": 1,
      "door": 0
    },
    {
      "c": [
        2884,
        718,
        2957,
        718
      ],
      "move": 1,
      "sense": 1,
      "sound": 1,
      "door": 0
    },
    {
      "c": [
        2957,
        1802,
        2957,
        1440
      ],
      "move": 1,
      "sense": 1,
      "sound": 1,
      "door": 0
    },
    {
      "c": [
        2957,
        1224,
        2957,
        935
      ],
      "move": 1,
      "sense": 1,
      "sound": 1,
      "door": 0
    },
    {
      "c": [
        2957,
        718,
        2957,
        284
      ],
      "move": 1,
      "sense": 1,
      "sound": 1,
      "door": 0
    },
    {
      "c": [
        960,
        1195,
        960,
        1180
      ],
      "move": 1,
      "sense": 2,
      "sound": 1,
      "door": 0
    },
    {
      "c": [
        958,
        1186,
        968,
        1176
      ],
      "move": 1,
      "sense": 2,
      "sound": 1,
      "door": 0
    },
    {
      "c": [
        963,
        1178,
        977,
        1178
      ],
      "move": 1,
      "sense": 2,
      "sound": 1,
      "door": 0
    },
    {
      "c": [
        971,
        1176,
        981,
        1186
      ],
      "move": 1,
      "sense": 2,
      "sound": 1,
      "door": 0
    },
    {
      "c": [
        979,
        1180,
        979,
        1195
      ],
      "move": 1,
      "sense": 2,
      "sound": 1,
      "door": 0
    },
    {
      "c": [
        981,
        1189,
        971,
        1199
      ],
      "move": 1,
      "sense": 2,
      "sound": 1,
      "door": 0
    },
    {
      "c": [
        977,
        1197,
        963,
        1197
      ],
      "move": 1,
      "sense": 2,
      "sound": 1,
      "door": 0
    },
    {
      "c": [
        968,
        1199,
        958,
        1189
      ],
      "move": 1,
      "sense": 2,
      "sound": 1,
      "door": 0
    },
    {
      "c": [
        960,
        906,
        960,
        891
      ],
      "move": 1,
      "sense": 2,
      "sound": 1,
      "door": 0
    },
    {
      "c": [
        958,
        897,
        968,
        887
      ],
      "move": 1,
      "sense": 2,
      "sound": 1,
      "door": 0
    },
    {
      "c": [
        963,
        889,
        977,
        889
      ],
      "move": 1,
      "sense": 2,
      "sound": 1,
      "door": 0
    },
    {
      "c": [
        971,
        887,
        981,
        897
      ],
      "move": 1,
      "sense": 2,
      "sound": 1,
      "door": 0
    },
    {
      "c": [
        979,
        891,
        979,
        906
      ],
      "move": 1,
      "sense": 2,
      "sound": 1,
      "door": 0
    },
    {
      "c": [
        981,
        900,
        971,
        910
      ],
      "move": 1,
      "sense": 2,
      "sound": 1,
      "door": 0
    },
    {
      "c": [
        977,
        908,
        963,
        908
      ],
      "move": 1,
      "sense": 2,
      "sound": 1,
      "door": 0
    },
    {
      "c": [
        968,
        910,
        958,
        900
      ],
      "move": 1,
      "sense": 2,
      "sound": 1,
      "door": 0
    },
    {
      "c": [
        382,
        1195,
        382,
        1180
      ],
      "move": 1,
      "sense": 2,
      "sound": 1,
      "door": 0
    },
    {
      "c": [
        380,
        1186,
        390,
        1176
      ],
      "move": 1,
      "sense": 2,
      "sound": 1,
      "door": 0
    },
    {
      "c": [
        384,
        1178,
        399,
        1178
      ],
      "move": 1,
      "sense": 2,
      "sound": 1,
      "door": 0
    },
    {
      "c": [
        393,
        1176,
        403,
        1186
      ],
      "move": 1,
      "sense": 2,
      "sound": 1,
      "door": 0
    },
    {
      "c": [
        401,
        1180,
        401,
        1195
      ],
      "move": 1,
      "sense": 2,
      "sound": 1,
      "door": 0
    },
    {
      "c": [
        403,
        1189,
        393,
        1199
      ],
      "move": 1,
      "sense": 2,
      "sound": 1,
      "door": 0
    },
    {
      "c": [
        399,
        1197,
        384,
        1197
      ],
      "move": 1,
      "sense": 2,
      "sound": 1,
      "door": 0
    },
    {
      "c": [
        390,
        1199,
        380,
        1189
      ],
      "move": 1,
      "sense": 2,
      "sound": 1,
      "door": 0
    },
    {
      "c": [
        382,
        906,
        382,
        891
      ],
      "move": 1,
      "sense": 2,
      "sound": 1,
      "door": 0
    },
    {
      "c": [
        380,
        897,
        390,
        887
      ],
      "move": 1,
      "sense": 2,
      "sound": 1,
      "door": 0
    },
    {
      "c": [
        384,
        889,
        399,
        889
      ],
      "move": 1,
      "sense": 2,
      "sound": 1,
      "door": 0
    },
    {
      "c": [
        393,
        887,
        403,
        897
      ],
      "move": 1,
      "sense": 2,
      "sound": 1,
      "door": 0
    },
    {
      "c": [
        401,
        891,
        401,
        906
      ],
      "move": 1,
      "sense": 2,
      "sound": 1,
      "door": 0
    },
    {
      "c": [
        403,
        900,
        393,
        910
      ],
      "move": 1,
      "sense": 2,
      "sound": 1,
      "door": 0
    },
    {
      "c": [
        399,
        908,
        384,
        908
      ],
      "move": 1,
      "sense": 2,
      "sound": 1,
      "door": 0
    },
    {
      "c": [
        390,
        910,
        380,
        900
      ],
      "move": 1,
      "sense": 2,
      "sound": 1,
      "door": 0
    },
    {
      "c": [
        527,
        1195,
        527,
        1180
      ],
      "move": 1,
      "sense": 2,
      "sound": 1,
      "door": 0
    },
    {
      "c": [
        525,
        1186,
        535,
        1176
      ],
      "move": 1,
      "sense": 2,
      "sound": 1,
      "door": 0
    },
    {
      "c": [
        529,
        1178,
        543,
        1178
      ],
      "move": 1,
      "sense": 2,
      "sound": 1,
      "door": 0
    },
    {
      "c": [
        538,
        1176,
        548,
        1186
      ],
      "move": 1,
      "sense": 2,
      "sound": 1,
      "door": 0
    },
    {
      "c": [
        546,
        1180,
        546,
        1195
      ],
      "move": 1,
      "sense": 2,
      "sound": 1,
      "door": 0
    },
    {
      "c": [
        548,
        1189,
        538,
        1199
      ],
      "move": 1,
      "sense": 2,
      "sound": 1,
      "door": 0
    },
    {
      "c": [
        543,
        1197,
        529,
        1197
      ],
      "move": 1,
      "sense": 2,
      "sound": 1,
      "door": 0
    },
    {
      "c": [
        535,
        1199,
        525,
        1189
      ],
      "move": 1,
      "sense": 2,
      "sound": 1,
      "door": 0
    },
    {
      "c": [
        527,
        906,
        527,
        891
      ],
      "move": 1,
      "sense": 2,
      "sound": 1,
      "door": 0
    },
    {
      "c": [
        525,
        897,
        535,
        887
      ],
      "move": 1,
      "sense": 2,
      "sound": 1,
      "door": 0
    },
    {
      "c": [
        529,
        889,
        543,
        889
      ],
      "move": 1,
      "sense": 2,
      "sound": 1,
      "door": 0
    },
    {
      "c": [
        538,
        887,
        548,
        897
      ],
      "move": 1,
      "sense": 2,
      "sound": 1,
      "door": 0
    },
    {
      "c": [
        546,
        891,
        546,
        906
      ],
      "move": 1,
      "sense": 2,
      "sound": 1,
      "door": 0
    },
    {
      "c": [
        548,
        900,
        538,
        910
      ],
      "move": 1,
      "sense": 2,
      "sound": 1,
      "door": 0
    },
    {
      "c": [
        543,
        908,
        529,
        908
      ],
      "move": 1,
      "sense": 2,
      "sound": 1,
      "door": 0
    },
    {
      "c": [
        535,
        910,
        525,
        900
      ],
      "move": 1,
      "sense": 2,
      "sound": 1,
      "door": 0
    },
    {
      "c": [
        1394,
        689,
        1394,
        675
      ],
      "move": 1,
      "sense": 2,
      "sound": 1,
      "door": 0
    },
    {
      "c": [
        1392,
        680,
        1402,
        670
      ],
      "move": 1,
      "sense": 2,
      "sound": 1,
      "door": 0
    },
    {
      "c": [
        1396,
        672,
        1410,
        672
      ],
      "move": 1,
      "sense": 2,
      "sound": 1,
      "door": 0
    },
    {
      "c": [
        1405,
        670,
        1415,
        680
      ],
      "move": 1,
      "sense": 2,
      "sound": 1,
      "door": 0
    },
    {
      "c": [
        1413,
        675,
        1413,
        689
      ],
      "move": 1,
      "sense": 2,
      "sound": 1,
      "door": 0
    },
    {
      "c": [
        1415,
        683,
        1405,
        693
      ],
      "move": 1,
      "sense": 2,
      "sound": 1,
      "door": 0
    },
    {
      "c": [
        1410,
        691,
        1396,
        691
      ],
      "move": 1,
      "sense": 2,
      "sound": 1,
      "door": 0
    },
    {
      "c": [
        1402,
        693,
        1392,
        683
      ],
      "move": 1,
      "sense": 2,
      "sound": 1,
      "door": 0
    },
    {
      "c": [
        1394,
        472,
        1394,
        458
      ],
      "move": 1,
      "sense": 2,
      "sound": 1,
      "door": 0
    },
    {
      "c": [
        1392,
        463,
        1402,
        453
      ],
      "move": 1,
      "sense": 2,
      "sound": 1,
      "door": 0
    },
    {
      "c": [
        1396,
        456,
        1410,
        456
      ],
      "move": 1,
      "sense": 2,
      "sound": 1,
      "door": 0
    },
    {
      "c": [
        1405,
        453,
        1415,
        463
      ],
      "move": 1,
      "sense": 2,
      "sound": 1,
      "door": 0
    },
    {
      "c": [
        1413,
        458,
        1413,
        472
      ],
      "move": 1,
      "sense": 2,
      "sound": 1,
      "door": 0
    },
    {
      "c": [
        1415,
        466,
        1405,
        477
      ],
      "move": 1,
      "sense": 2,
      "sound": 1,
      "door": 0
    },
    {
      "c": [
        1410,
        474,
        1396,
        474
      ],
      "move": 1,
      "sense": 2,
      "sound": 1,
      "door": 0
    },
    {
      "c": [
        1402,
        477,
        1392,
        466
      ],
      "move": 1,
      "sense": 2,
      "sound": 1,
      "door": 0
    },
    {
      "c": [
        1538,
        689,
        1538,
        675
      ],
      "move": 1,
      "sense": 2,
      "sound": 1,
      "door": 0
    },
    {
      "c": [
        1536,
        680,
        1546,
        670
      ],
      "move": 1,
      "sense": 2,
      "sound": 1,
      "door": 0
    },
    {
      "c": [
        1541,
        672,
        1555,
        672
      ],
      "move": 1,
      "sense": 2,
      "sound": 1,
      "door": 0
    },
    {
      "c": [
        1549,
        670,
        1559,
        680
      ],
      "move": 1,
      "sense": 2,
      "sound": 1,
      "door": 0
    },
    {
      "c": [
        1557,
        675,
        1557,
        689
      ],
      "move": 1,
      "sense": 2,
      "sound": 1,
      "door": 0
    },
    {
      "c": [
        1559,
        683,
        1549,
        693
      ],
      "move": 1,
      "sense": 2,
      "sound": 1,
      "door": 0
    },
    {
      "c": [
        1555,
        691,
        1541,
        691
      ],
      "move": 1,
      "sense": 2,
      "sound": 1,
      "door": 0
    },
    {
      "c": [
        1546,
        693,
        1536,
        683
      ],
      "move": 1,
      "sense": 2,
      "sound": 1,
      "door": 0
    },
    {
      "c": [
        1538,
        472,
        1538,
        458
      ],
      "move": 1,
      "sense": 2,
      "sound": 1,
      "door": 0
    },
    {
      "c": [
        1536,
        463,
        1546,
        453
      ],
      "move": 1,
      "sense": 2,
      "sound": 1,
      "door": 0
    },
    {
      "c": [
        1541,
        456,
        1555,
        456
      ],
      "move": 1,
      "sense": 2,
      "sound": 1,
      "door": 0
    },
    {
      "c": [
        1549,
        453,
        1559,
        463
      ],
      "move": 1,
      "sense": 2,
      "sound": 1,
      "door": 0
    },
    {
      "c": [
        1557,
        458,
        1557,
        472
      ],
      "move": 1,
      "sense": 2,
      "sound": 1,
      "door": 0
    },
    {
      "c": [
        1559,
        466,
        1549,
        477
      ],
      "move": 1,
      "sense": 2,
      "sound": 1,
      "door": 0
    },
    {
      "c": [
        1555,
        474,
        1541,
        474
      ],
      "move": 1,
      "sense": 2,
      "sound": 1,
      "door": 0
    },
    {
      "c": [
        1546,
        477,
        1536,
        466
      ],
      "move": 1,
      "sense": 2,
      "sound": 1,
      "door": 0
    },
    {
      "c": [
        1394,
        1700,
        1394,
        1686
      ],
      "move": 1,
      "sense": 2,
      "sound": 1,
      "door": 0
    },
    {
      "c": [
        1392,
        1692,
        1402,
        1682
      ],
      "move": 1,
      "sense": 2,
      "sound": 1,
      "door": 0
    },
    {
      "c": [
        1396,
        1684,
        1410,
        1684
      ],
      "move": 1,
      "sense": 2,
      "sound": 1,
      "door": 0
    },
    {
      "c": [
        1405,
        1682,
        1415,
        1692
      ],
      "move": 1,
      "sense": 2,
      "sound": 1,
      "door": 0
    },
    {
      "c": [
        1413,
        1686,
        1413,
        1700
      ],
      "move": 1,
      "sense": 2,
      "sound": 1,
      "door": 0
    },
    {
      "c": [
        1415,
        1695,
        1405,
        1705
      ],
      "move": 1,
      "sense": 2,
      "sound": 1,
      "door": 0
    },
    {
      "c": [
        1410,
        1703,
        1396,
        1703
      ],
      "move": 1,
      "sense": 2,
      "sound": 1,
      "door": 0
    },
    {
      "c": [
        1402,
        1705,
        1392,
        1695
      ],
      "move": 1,
      "sense": 2,
      "sound": 1,
      "door": 0
    },
    {
      "c": [
        1394,
        1484,
        1394,
        1469
      ],
      "move": 1,
      "sense": 2,
      "sound": 1,
      "door": 0
    },
    {
      "c": [
        1392,
        1475,
        1402,
        1465
      ],
      "move": 1,
      "sense": 2,
      "sound": 1,
      "door": 0
    },
    {
      "c": [
        1396,
        1467,
        1410,
        1467
      ],
      "move": 1,
      "sense": 2,
      "sound": 1,
      "door": 0
    },
    {
      "c": [
        1405,
        1465,
        1415,
        1475
      ],
      "move": 1,
      "sense": 2,
      "sound": 1,
      "door": 0
    },
    {
      "c": [
        1413,
        1469,
        1413,
        1484
      ],
      "move": 1,
      "sense": 2,
      "sound": 1,
      "door": 0
    },
    {
      "c": [
        1415,
        1478,
        1405,
        1488
      ],
      "move": 1,
      "sense": 2,
      "sound": 1,
      "door": 0
    },
    {
      "c": [
        1410,
        1486,
        1396,
        1486
      ],
      "move": 1,
      "sense": 2,
      "sound": 1,
      "door": 0
    },
    {
      "c": [
        1402,
        1488,
        1392,
        1478
      ],
      "move": 1,
      "sense": 2,
      "sound": 1,
      "door": 0
    },
    {
      "c": [
        1538,
        1700,
        1538,
        1686
      ],
      "move": 1,
      "sense": 2,
      "sound": 1,
      "door": 0
    },
    {
      "c": [
        1536,
        1692,
        1546,
        1682
      ],
      "move": 1,
      "sense": 2,
      "sound": 1,
      "door": 0
    },
    {
      "c": [
        1541,
        1684,
        1555,
        1684
      ],
      "move": 1,
      "sense": 2,
      "sound": 1,
      "door": 0
    },
    {
      "c": [
        1549,
        1682,
        1559,
        1692
      ],
      "move": 1,
      "sense": 2,
      "sound": 1,
      "door": 0
    },
    {
      "c": [
        1557,
        1686,
        1557,
        1700
      ],
      "move": 1,
      "sense": 2,
      "sound": 1,
      "door": 0
    },
    {
      "c": [
        1559,
        1695,
        1549,
        1705
      ],
      "move": 1,
      "sense": 2,
      "sound": 1,
      "door": 0
    },
    {
      "c": [
        1555,
        1703,
        1541,
        1703
      ],
      "move": 1,
      "sense": 2,
      "sound": 1,
      "door": 0
    },
    {
      "c": [
        1546,
        1705,
        1536,
        1695
      ],
      "move": 1,
      "sense": 2,
      "sound": 1,
      "door": 0
    },
    {
      "c": [
        1538,
        1484,
        1538,
        1469
      ],
      "move": 1,
      "sense": 2,
      "sound": 1,
      "door": 0
    },
    {
      "c": [
        1536,
        1475,
        1546,
        1465
      ],
      "move": 1,
      "sense": 2,
      "sound": 1,
      "door": 0
    },
    {
      "c": [
        1541,
        1467,
        1555,
        1467
      ],
      "move": 1,
      "sense": 2,
      "sound": 1,
      "door": 0
    },
    {
      "c": [
        1549,
        1465,
        1559,
        1475
      ],
      "move": 1,
      "sense": 2,
      "sound": 1,
      "door": 0
    },
    {
      "c": [
        1557,
        1469,
        1557,
        1484
      ],
      "move": 1,
      "sense": 2,
      "sound": 1,
      "door": 0
    },
    {
      "c": [
        1559,
        1478,
        1549,
        1488
      ],
      "move": 1,
      "sense": 2,
      "sound": 1,
      "door": 0
    },
    {
      "c": [
        1555,
        1486,
        1541,
        1486
      ],
      "move": 1,
      "sense": 2,
      "sound": 1,
      "door": 0
    },
    {
      "c": [
        1546,
        1488,
        1536,
        1478
      ],
      "move": 1,
      "sense": 2,
      "sound": 1,
      "door": 0
    },
    {
      "c": [
        2350,
        1703,
        2335,
        1703
      ],
      "move": 1,
      "sense": 2,
      "sound": 1,
      "door": 0
    },
    {
      "c": [
        2341,
        1705,
        2331,
        1695
      ],
      "move": 1,
      "sense": 2,
      "sound": 1,
      "door": 0
    },
    {
      "c": [
        2333,
        1700,
        2333,
        1686
      ],
      "move": 1,
      "sense": 2,
      "sound": 1,
      "door": 0
    },
    {
      "c": [
        2331,
        1692,
        2341,
        1682
      ],
      "move": 1,
      "sense": 2,
      "sound": 1,
      "door": 0
    },
    {
      "c": [
        2335,
        1684,
        2350,
        1684
      ],
      "move": 1,
      "sense": 2,
      "sound": 1,
      "door": 0
    },
    {
      "c": [
        2344,
        1682,
        2354,
        1692
      ],
      "move": 1,
      "sense": 2,
      "sound": 1,
      "door": 0
    },
    {
      "c": [
        2352,
        1686,
        2352,
        1700
      ],
      "move": 1,
      "sense": 2,
      "sound": 1,
      "door": 0
    },
    {
      "c": [
        2354,
        1695,
        2344,
        1705
      ],
      "move": 1,
      "sense": 2,
      "sound": 1,
      "door": 0
    },
    {
      "c": [
        2350,
        1558,
        2335,
        1558
      ],
      "move": 1,
      "sense": 2,
      "sound": 1,
      "door": 0
    },
    {
      "c": [
        2341,
        1560,
        2331,
        1550
      ],
      "move": 1,
      "sense": 2,
      "sound": 1,
      "door": 0
    },
    {
      "c": [
        2333,
        1556,
        2333,
        1542
      ],
      "move": 1,
      "sense": 2,
      "sound": 1,
      "door": 0
    },
    {
      "c": [
        2331,
        1547,
        2341,
        1537
      ],
      "move": 1,
      "sense": 2,
      "sound": 1,
      "door": 0
    },
    {
      "c": [
        2335,
        1539,
        2350,
        1539
      ],
      "move": 1,
      "sense": 2,
      "sound": 1,
      "door": 0
    },
    {
      "c": [
        2344,
        1537,
        2354,
        1547
      ],
      "move": 1,
      "sense": 2,
      "sound": 1,
      "door": 0
    },
    {
      "c": [
        2352,
        1542,
        2352,
        1556
      ],
      "move": 1,
      "sense": 2,
      "sound": 1,
      "door": 0
    },
    {
      "c": [
        2354,
        1550,
        2344,
        1560
      ],
      "move": 1,
      "sense": 2,
      "sound": 1,
      "door": 0
    },
    {
      "c": [
        2567,
        1703,
        2552,
        1703
      ],
      "move": 1,
      "sense": 2,
      "sound": 1,
      "door": 0
    },
    {
      "c": [
        2558,
        1705,
        2548,
        1695
      ],
      "move": 1,
      "sense": 2,
      "sound": 1,
      "door": 0
    },
    {
      "c": [
        2550,
        1700,
        2550,
        1686
      ],
      "move": 1,
      "sense": 2,
      "sound": 1,
      "door": 0
    },
    {
      "c": [
        2548,
        1692,
        2558,
        1682
      ],
      "move": 1,
      "sense": 2,
      "sound": 1,
      "door": 0
    },
    {
      "c": [
        2552,
        1684,
        2567,
        1684
      ],
      "move": 1,
      "sense": 2,
      "sound": 1,
      "door": 0
    },
    {
      "c": [
        2561,
        1682,
        2571,
        1692
      ],
      "move": 1,
      "sense": 2,
      "sound": 1,
      "door": 0
    },
    {
      "c": [
        2569,
        1686,
        2569,
        1700
      ],
      "move": 1,
      "sense": 2,
      "sound": 1,
      "door": 0
    },
    {
      "c": [
        2571,
        1695,
        2561,
        1705
      ],
      "move": 1,
      "sense": 2,
      "sound": 1,
      "door": 0
    },
    {
      "c": [
        2567,
        1558,
        2552,
        1558
      ],
      "move": 1,
      "sense": 2,
      "sound": 1,
      "door": 0
    },
    {
      "c": [
        2558,
        1560,
        2548,
        1550
      ],
      "move": 1,
      "sense": 2,
      "sound": 1,
      "door": 0
    },
    {
      "c": [
        2550,
        1556,
        2550,
        1542
      ],
      "move": 1,
      "sense": 2,
      "sound": 1,
      "door": 0
    },
    {
      "c": [
        2548,
        1547,
        2558,
        1537
      ],
      "move": 1,
      "sense": 2,
      "sound": 1,
      "door": 0
    },
    {
      "c": [
        2552,
        1539,
        2567,
        1539
      ],
      "move": 1,
      "sense": 2,
      "sound": 1,
      "door": 0
    },
    {
      "c": [
        2561,
        1537,
        2571,
        1547
      ],
      "move": 1,
      "sense": 2,
      "sound": 1,
      "door": 0
    },
    {
      "c": [
        2569,
        1542,
        2569,
        1556
      ],
      "move": 1,
      "sense": 2,
      "sound": 1,
      "door": 0
    },
    {
      "c": [
        2571,
        1550,
        2561,
        1560
      ],
      "move": 1,
      "sense": 2,
      "sound": 1,
      "door": 0
    },
    {
      "c": [
        2783,
        1703,
        2769,
        1703
      ],
      "move": 1,
      "sense": 2,
      "sound": 1,
      "door": 0
    },
    {
      "c": [
        2775,
        1705,
        2764,
        1695
      ],
      "move": 1,
      "sense": 2,
      "sound": 1,
      "door": 0
    },
    {
      "c": [
        2767,
        1700,
        2767,
        1686
      ],
      "move": 1,
      "sense": 2,
      "sound": 1,
      "door": 0
    },
    {
      "c": [
        2764,
        1692,
        2775,
        1682
      ],
      "move": 1,
      "sense": 2,
      "sound": 1,
      "door": 0
    },
    {
      "c": [
        2769,
        1684,
        2783,
        1684
      ],
      "move": 1,
      "sense": 2,
      "sound": 1,
      "door": 0
    },
    {
      "c": [
        2778,
        1682,
        2788,
        1692
      ],
      "move": 1,
      "sense": 2,
      "sound": 1,
      "door": 0
    },
    {
      "c": [
        2785,
        1686,
        2785,
        1700
      ],
      "move": 1,
      "sense": 2,
      "sound": 1,
      "door": 0
    },
    {
      "c": [
        2788,
        1695,
        2778,
        1705
      ],
      "move": 1,
      "sense": 2,
      "sound": 1,
      "door": 0
    },
    {
      "c": [
        2783,
        1558,
        2769,
        1558
      ],
      "move": 1,
      "sense": 2,
      "sound": 1,
      "door": 0
    },
    {
      "c": [
        2775,
        1560,
        2764,
        1550
      ],
      "move": 1,
      "sense": 2,
      "sound": 1,
      "door": 0
    },
    {
      "c": [
        2767,
        1556,
        2767,
        1542
      ],
      "move": 1,
      "sense": 2,
      "sound": 1,
      "door": 0
    },
    {
      "c": [
        2764,
        1547,
        2775,
        1537
      ],
      "move": 1,
      "sense": 2,
      "sound": 1,
      "door": 0
    },
    {
      "c": [
        2769,
        1539,
        2783,
        1539
      ],
      "move": 1,
      "sense": 2,
      "sound": 1,
      "door": 0
    },
    {
      "c": [
        2778,
        1537,
        2788,
        1547
      ],
      "move": 1,
      "sense": 2,
      "sound": 1,
      "door": 0
    },
    {
      "c": [
        2785,
        1542,
        2785,
        1556
      ],
      "move": 1,
      "sense": 2,
      "sound": 1,
      "door": 0
    },
    {
      "c": [
        2788,
        1550,
        2778,
        1560
      ],
      "move": 1,
      "sense": 2,
      "sound": 1,
      "door": 0
    },
    {
      "c": [
        2261,
        472,
        2261,
        458
      ],
      "move": 1,
      "sense": 2,
      "sound": 1,
      "door": 0
    },
    {
      "c": [
        2259,
        463,
        2269,
        453
      ],
      "move": 1,
      "sense": 2,
      "sound": 1,
      "door": 0
    },
    {
      "c": [
        2263,
        456,
        2277,
        456
      ],
      "move": 1,
      "sense": 2,
      "sound": 1,
      "door": 0
    },
    {
      "c": [
        2272,
        453,
        2282,
        463
      ],
      "move": 1,
      "sense": 2,
      "sound": 1,
      "door": 0
    },
    {
      "c": [
        2280,
        458,
        2280,
        472
      ],
      "move": 1,
      "sense": 2,
      "sound": 1,
      "door": 0
    },
    {
      "c": [
        2282,
        466,
        2272,
        477
      ],
      "move": 1,
      "sense": 2,
      "sound": 1,
      "door": 0
    },
    {
      "c": [
        2277,
        474,
        2263,
        474
      ],
      "move": 1,
      "sense": 2,
      "sound": 1,
      "door": 0
    },
    {
      "c": [
        2269,
        477,
        2259,
        466
      ],
      "move": 1,
      "sense": 2,
      "sound": 1,
      "door": 0
    },
    {
      "c": [
        2405,
        472,
        2405,
        458
      ],
      "move": 1,
      "sense": 2,
      "sound": 1,
      "door": 0
    },
    {
      "c": [
        2403,
        463,
        2413,
        453
      ],
      "move": 1,
      "sense": 2,
      "sound": 1,
      "door": 0
    },
    {
      "c": [
        2408,
        456,
        2422,
        456
      ],
      "move": 1,
      "sense": 2,
      "sound": 1,
      "door": 0
    },
    {
      "c": [
        2416,
        453,
        2426,
        463
      ],
      "move": 1,
      "sense": 2,
      "sound": 1,
      "door": 0
    },
    {
      "c": [
        2424,
        458,
        2424,
        472
      ],
      "move": 1,
      "sense": 2,
      "sound": 1,
      "door": 0
    },
    {
      "c": [
        2426,
        466,
        2416,
        477
      ],
      "move": 1,
      "sense": 2,
      "sound": 1,
      "door": 0
    },
    {
      "c": [
        2422,
        474,
        2408,
        474
      ],
      "move": 1,
      "sense": 2,
      "sound": 1,
      "door": 0
    },
    {
      "c": [
        2413,
        477,
        2403,
        466
      ],
      "move": 1,
      "sense": 2,
      "sound": 1,
      "door": 0
    },
    {
      "c": [
        2550,
        472,
        2550,
        458
      ],
      "move": 1,
      "sense": 2,
      "sound": 1,
      "door": 0
    },
    {
      "c": [
        2548,
        463,
        2558,
        453
      ],
      "move": 1,
      "sense": 2,
      "sound": 1,
      "door": 0
    },
    {
      "c": [
        2552,
        456,
        2567,
        456
      ],
      "move": 1,
      "sense": 2,
      "sound": 1,
      "door": 0
    },
    {
      "c": [
        2561,
        453,
        2571,
        463
      ],
      "move": 1,
      "sense": 2,
      "sound": 1,
      "door": 0
    },
    {
      "c": [
        2569,
        458,
        2569,
        472
      ],
      "move": 1,
      "sense": 2,
      "sound": 1,
      "door": 0
    },
    {
      "c": [
        2571,
        466,
        2561,
        477
      ],
      "move": 1,
      "sense": 2,
      "sound": 1,
      "door": 0
    },
    {
      "c": [
        2567,
        474,
        2552,
        474
      ],
      "move": 1,
      "sense": 2,
      "sound": 1,
      "door": 0
    },
    {
      "c": [
        2558,
        477,
        2548,
        466
      ],
      "move": 1,
      "sense": 2,
      "sound": 1,
      "door": 0
    },
    {
      "c": [
        2694,
        472,
        2694,
        458
      ],
      "move": 1,
      "sense": 2,
      "sound": 1,
      "door": 0
    },
    {
      "c": [
        2692,
        463,
        2702,
        453
      ],
      "move": 1,
      "sense": 2,
      "sound": 1,
      "door": 0
    },
    {
      "c": [
        2697,
        456,
        2711,
        456
      ],
      "move": 1,
      "sense": 2,
      "sound": 1,
      "door": 0
    },
    {
      "c": [
        2705,
        453,
        2715,
        463
      ],
      "move": 1,
      "sense": 2,
      "sound": 1,
      "door": 0
    },
    {
      "c": [
        2713,
        458,
        2713,
        472
      ],
      "move": 1,
      "sense": 2,
      "sound": 1,
      "door": 0
    },
    {
      "c": [
        2715,
        466,
        2705,
        477
      ],
      "move": 1,
      "sense": 2,
      "sound": 1,
      "door": 0
    },
    {
      "c": [
        2711,
        474,
        2697,
        474
      ],
      "move": 1,
      "sense": 2,
      "sound": 1,
      "door": 0
    },
    {
      "c": [
        2702,
        477,
        2692,
        466
      ],
      "move": 1,
      "sense": 2,
      "sound": 1,
      "door": 0
    },
    {
      "c": [
        2839,
        472,
        2839,
        458
      ],
      "move": 1,
      "sense": 2,
      "sound": 1,
      "door": 0
    },
    {
      "c": [
        2837,
        463,
        2847,
        453
      ],
      "move": 1,
      "sense": 2,
      "sound": 1,
      "door": 0
    },
    {
      "c": [
        2841,
        456,
        2856,
        456
      ],
      "move": 1,
      "sense": 2,
      "sound": 1,
      "door": 0
    },
    {
      "c": [
        2850,
        453,
        2860,
        463
      ],
      "move": 1,
      "sense": 2,
      "sound": 1,
      "door": 0
    },
    {
      "c": [
        2858,
        458,
        2858,
        472
      ],
      "move": 1,
      "sense": 2,
      "sound": 1,
      "door": 0
    },
    {
      "c": [
        2860,
        466,
        2850,
        477
      ],
      "move": 1,
      "sense": 2,
      "sound": 1,
      "door": 0
    },
    {
      "c": [
        2856,
        474,
        2841,
        474
      ],
      "move": 1,
      "sense": 2,
      "sound": 1,
      "door": 0
    },
    {
      "c": [
        2847,
        477,
        2837,
        466
      ],
      "move": 1,
      "sense": 2,
      "sound": 1,
      "door": 0
    }
  ],
  "img": null,
  "foreground": null
}