{
    "name": "highpoint",
    "title": "Highpoint Random Dungeon Crawl Toolkit for Pathfinder 2E",
    "description": "Random Dungeon Crawl Creation Toolkit designed for the Highpoint Discord Community to create Pathfinder 2E random dungeons",
    "author": "JoshGamerZ",
    "version": "0.0.1",
    "minimumCoreVersion": "9",
    "compatibleCoreVersion": "9",
    "systems": ["pf2e"],
    "packs":[
        {
            "name": "highpoint-random-maps",
            "label": "Highpoint Random Maps",
            "path": "./packs/highpoint-random-maps.db",
            "private": false,
            "entity": "Scene",
            "type": "Scene"
        },
        {
            "name": "highpoint-random-creatures-tables",
            "label": "Highpoint Random Creature Tables",
            "path": "./packs/highpoint-random-creatures-tables.db",
            "private": false,
            "entity": "RollTable",
            "type": "RollTable"
        },
        {
            "name": "highpoint-random-hazard-tables",
            "label": "Highpoint Random Hazard Tables",
            "path": "./packs/highpoint-random-hazard-tables.db",
            "private": false,
            "entity": "RollTable",
            "type": "RollTable"
        },
        {
            "name": "highpoint-random-loot-tables",
            "label": "Highpoint Random Loot Tables",
            "path": "./packs/highpoint-random-loot-tables.db",
            "private": false,
            "entity": "RollTable",
            "type": "RollTable"
        }
    ],
    "manifest": "https://github.com/nullvoidpointer/highpoint-pf2e-toolkit/releases/latest/download/module.json",
    "download": "https://github.com/nullvoidpointer/highpoint-pf2e-toolkit/releases/latest/download/module.zip",
    "url": "https://github.com/nullvoidpointer/highpoint-pf2e-toolkit"
}